Replicate,Position_ID,Type,Frame,Cell_ID,Area_um_2,,,,Perimeter,Circularity,,,,Aspect_ratio,Round,Solidity
Rep1,Pos016,Uncompressed,10,1,506.231,255,255,255,84.188,0.898,129088.84,100,99960,1.13,0.885,0.931
Rep1,Pos016,Uncompressed,10,2,812.294,255,255,255,137.841,0.537,207134.899,100,160395,1.357,0.737,0.806
Rep1,Pos016,Uncompressed,10,3,550.139,255,255,255,91.948,0.818,140285.321,100,108630,1.457,0.686,0.914
Rep1,Pos016,Uncompressed,10,4,609.543,255,255,255,111.233,0.619,155433.501,100,120360,2.808,0.356,0.882
Rep1,Pos016,Uncompressed,10,5,541.099,255,255,255,88.734,0.864,137980.163,100,106845,1.295,0.772,0.933
Rep1,Pos016,Uncompressed,10,6,422.289,255,255,255,77.76,0.878,107683.803,100,83385,1.464,0.683,0.925
Rep1,Pos016,Uncompressed,15,1,388.713,255,255,255,80.308,0.757,99121.788,100,76755,2.188,0.457,0.909
Rep1,Pos016,Uncompressed,15,2,564.344,255,255,255,89.4,0.887,143907.712,100,111435,1.472,0.679,0.944
Rep1,Pos016,Uncompressed,15,3,569.51,255,255,255,108.961,0.603,145224.945,100,112455,1.103,0.906,0.8
Rep1,Pos016,Uncompressed,15,4,608.252,255,255,255,96.218,0.826,155104.193,100,120105,1.579,0.633,0.924
Rep1,Pos016,Uncompressed,15,5,606.96,255,255,255,96.884,0.813,154774.884,100,119850,1.168,0.856,0.92
Rep1,Pos016,Uncompressed,15,6,488.151,255,255,255,85.244,0.844,124478.524,100,96390,1.543,0.648,0.932
Rep1,Pos016,Uncompressed,15,7,706.399,255,255,255,122.322,0.593,180131.621,100,139485,2.163,0.462,0.801
Rep1,Pos016,Uncompressed,15,8,982.759,255,255,255,171.819,0.418,250603.59,100,194055,1.427,0.701,0.853
Rep1,Pos016,Uncompressed,20,1,573.384,255,255,255,89.789,0.894,146212.87,100,113220,1.21,0.827,0.944
Rep1,Pos016,Uncompressed,20,2,462.323,255,255,255,83.085,0.842,117892.359,100,91290,1.763,0.567,0.956
Rep1,Pos016,Uncompressed,20,3,702.524,255,255,255,120.163,0.611,179143.696,100,138720,1.653,0.605,0.808
Rep1,Pos016,Uncompressed,20,4,672.822,255,255,255,122.207,0.566,171569.606,100,132855,3.142,0.318,0.861
Rep1,Pos016,Uncompressed,20,5,561.761,255,255,255,89.124,0.889,143249.095,100,110925,1.328,0.753,0.94
Rep1,Pos016,Uncompressed,20,6,516.562,255,255,255,87.792,0.842,131723.306,100,102000,1.094,0.914,0.914
Rep1,Pos016,Uncompressed,20,7,426.164,255,255,255,77.208,0.898,108671.727,100,84150,1.295,0.772,0.938
Rep1,Pos016,Uncompressed,20,8,347.388,255,255,255,68.117,0.941,88583.923,100,68595,1.225,0.817,0.949
Rep1,Pos016,Uncompressed,20,9,977.594,255,255,255,128.589,0.743,249286.356,100,193035,1.669,0.599,0.903
Rep1,Pos016,Uncompressed,20,10,543.681,255,255,255,97.549,0.718,138638.779,100,107355,2.154,0.464,0.93
Rep1,Pos016,Uncompressed,20,11,405.501,255,255,255,75.601,0.892,103402.795,100,80070,1.29,0.775,0.937
Rep1,Pos016,Uncompressed,20,12,1011.17,255,255,255,178.523,0.399,257848.371,100,199665,4.035,0.248,0.745
Rep1,Pos016,Uncompressed,20,13,591.463,255,255,255,101.039,0.728,150823.185,100,116790,1.431,0.699,0.889
Rep1,Pos016,Uncompressed,20,14,677.988,255,255,255,115.228,0.642,172886.839,100,133875,1.642,0.609,0.822
Rep1,Pos016,Uncompressed,25,1,608.252,255,255,255,97.825,0.799,155104.193,100,120105,1.331,0.751,0.906
Rep1,Pos016,Uncompressed,25,2,566.927,255,255,255,89.789,0.884,144566.328,100,111945,1.264,0.791,0.942
Rep1,Pos016,Uncompressed,25,3,392.587,255,255,255,75.601,0.863,100109.712,100,77520,1.233,0.811,0.914
Rep1,Pos016,Uncompressed,25,4,512.688,255,255,255,89.514,0.804,130735.381,100,101235,1.483,0.674,0.92
Rep1,Pos016,Uncompressed,25,5,499.774,255,255,255,83.523,0.9,127442.298,100,98685,1.324,0.755,0.935
Rep1,Pos016,Uncompressed,25,6,338.348,255,255,255,68.393,0.909,86278.765,100,66810,1.329,0.752,0.934
Rep1,Pos016,Uncompressed,25,7,468.78,255,255,255,80.974,0.898,119538.9,100,92565,1.212,0.825,0.928
Rep1,Pos016,Uncompressed,25,8,705.107,255,255,255,121.656,0.599,179802.313,100,139230,2.487,0.402,0.82
Rep1,Pos016,Uncompressed,25,9,506.231,255,255,255,106.412,0.562,129088.84,100,99960,2.004,0.499,0.806
Rep1,Pos016,Uncompressed,25,10,488.151,255,255,255,91.397,0.734,124478.524,100,96390,1.362,0.734,0.878
Rep1,Pos016,Uncompressed,25,11,561.761,255,255,255,94.335,0.793,143249.095,100,110925,1.514,0.66,0.906
Rep1,Pos016,Uncompressed,25,12,605.669,255,255,255,107.972,0.653,154445.576,100,119595,2.393,0.418,0.9
Rep1,Pos016,Uncompressed,30,1,637.954,255,255,255,104.529,0.734,162678.283,100,125970,1.351,0.74,0.874
Rep1,Pos016,Uncompressed,30,2,459.74,255,255,255,80.812,0.885,117233.742,100,90780,1.148,0.871,0.948
Rep1,Pos016,Uncompressed,30,3,511.396,255,255,255,93.945,0.728,130406.073,100,100980,1.411,0.709,0.88
Rep1,Pos016,Uncompressed,30,4,588.881,255,255,255,91.948,0.875,150164.569,100,116280,1.178,0.849,0.932
Rep1,Pos016,Uncompressed,30,5,475.237,255,255,255,90.179,0.734,121185.441,100,93840,2.1,0.476,0.91
Rep1,Pos016,Uncompressed,30,6,383.547,255,255,255,75.601,0.843,97804.555,100,75735,1.524,0.656,0.924
Rep1,Pos016,Uncompressed,30,7,353.845,255,255,255,71.056,0.881,90230.465,100,69870,1.36,0.736,0.921
Rep1,Pos016,Uncompressed,30,8,564.344,255,255,255,95.162,0.783,143907.712,100,111435,1.325,0.755,0.895
Rep1,Pos016,Uncompressed,30,9,430.038,255,255,255,80.033,0.844,109659.652,100,84915,1.54,0.649,0.921
Rep1,Pos016,Uncompressed,30,10,578.549,255,255,255,107.306,0.631,147530.103,100,114240,1.36,0.735,0.804
Rep1,Pos016,Uncompressed,30,11,781.3,255,255,255,134.237,0.545,199231.5,100,154275,1.696,0.59,0.833
Rep1,Pos016,Uncompressed,30,12,468.78,255,255,255,83.247,0.85,119538.9,100,92565,1.608,0.622,0.93
Rep1,Pos016,Uncompressed,30,13,357.719,255,255,255,69.724,0.925,91218.389,100,70635,1.165,0.859,0.937
Rep1,Pos016,Uncompressed,30,14,364.176,255,255,255,69.448,0.949,92864.931,100,71910,1.059,0.944,0.949
Rep1,Pos016,Uncompressed,30,15,679.279,255,255,255,122.274,0.571,173216.147,100,134130,3.172,0.315,0.876
Rep1,Pos016,Uncompressed,30,16,459.74,255,255,255,83.361,0.831,117233.742,100,90780,1.647,0.607,0.937
Rep1,Pos016,Uncompressed,30,17,770.969,255,255,255,139.838,0.495,196597.034,100,152235,2.74,0.365,0.815
Rep1,Pos016,Uncompressed,30,18,619.874,255,255,255,94.611,0.87,158067.967,100,122400,1.347,0.743,0.945
Rep1,Pos016,Uncompressed,30,19,561.761,255,255,255,100.098,0.705,143249.095,100,110925,1.936,0.517,0.873
Rep1,Pos016,Uncompressed,35,1,637.954,255,255,255,97.549,0.842,162678.283,100,125970,1.136,0.88,0.923
Rep1,Pos016,Uncompressed,35,2,512.688,255,255,255,85.244,0.887,130735.381,100,101235,1.129,0.886,0.929
Rep1,Pos016,Uncompressed,35,3,577.258,255,255,255,93.004,0.839,147200.794,100,113985,1.209,0.827,0.916
Rep1,Pos016,Uncompressed,35,4,585.006,255,255,255,95.942,0.799,149176.644,100,115515,1.446,0.691,0.901
Rep1,Pos016,Uncompressed,35,5,603.086,255,255,255,91.397,0.907,153786.96,100,119085,1.261,0.793,0.948
Rep1,Pos016,Uncompressed,35,6,497.191,255,255,255,82.305,0.922,126783.682,100,98175,1.252,0.798,0.941
Rep1,Pos016,Uncompressed,35,7,352.554,255,255,255,69.448,0.919,89901.156,100,69615,1.055,0.948,0.941
Rep1,Pos016,Uncompressed,35,8,493.317,255,255,255,86.185,0.835,125795.757,100,97410,1.466,0.682,0.925
Rep1,Pos016,Uncompressed,35,9,563.053,255,255,255,89.124,0.891,143578.403,100,111180,1.109,0.902,0.936
Rep1,Pos016,Uncompressed,35,10,437.786,255,255,255,79.367,0.873,111635.502,100,86445,1.505,0.664,0.933
Rep1,Pos016,Uncompressed,35,11,525.602,255,255,255,86.851,0.876,134028.464,100,103785,1.44,0.694,0.938
Rep1,Pos016,Uncompressed,35,12,386.13,255,255,255,74.546,0.873,98463.171,100,76245,1.399,0.715,0.945
Rep1,Pos016,Uncompressed,35,13,892.361,255,255,255,123.263,0.738,227552.011,100,176205,1.636,0.611,0.877
Rep1,Pos016,Uncompressed,35,14,517.853,255,255,255,96.056,0.705,132052.614,100,102255,1.507,0.663,0.872
Rep1,Pos016,Uncompressed,35,15,610.835,255,255,255,91.672,0.913,155762.809,100,120615,1.121,0.892,0.945
Rep1,Pos016,Uncompressed,35,16,659.908,255,255,255,106.802,0.727,168276.523,100,130305,1.635,0.612,0.895
Rep1,Pos016,Uncompressed,35,17,680.57,255,255,255,104.919,0.777,173545.456,100,134385,1.636,0.611,0.897
Rep1,Pos016,Uncompressed,40,1,608.252,255,255,255,104.368,0.702,155104.193,100,120105,2.112,0.473,0.908
Rep1,Pos016,Uncompressed,40,2,555.304,255,255,255,90.731,0.848,141602.554,100,109650,1.339,0.747,0.927
Rep1,Pos016,Uncompressed,40,3,582.424,255,255,255,92.338,0.858,148518.027,100,115005,1.165,0.858,0.919
Rep1,Pos016,Uncompressed,40,4,637.954,255,255,255,95.276,0.883,162678.283,100,125970,1.136,0.881,0.934
Rep1,Pos016,Uncompressed,40,5,473.946,255,255,255,83.523,0.854,120856.133,100,93585,1.682,0.595,0.915
Rep1,Pos016,Uncompressed,40,6,630.206,255,255,255,94.611,0.885,160702.433,100,124440,1.321,0.757,0.939
Rep1,Pos016,Uncompressed,40,7,523.019,255,255,255,86.737,0.874,133369.847,100,103275,1.456,0.687,0.939
Rep1,Pos016,Uncompressed,40,8,485.568,255,255,255,82.305,0.901,123819.908,100,95880,1.172,0.853,0.932
Rep1,Pos016,Uncompressed,40,9,583.715,255,255,255,92.338,0.86,148847.336,100,115260,1.427,0.701,0.927
Rep1,Pos016,Uncompressed,40,10,601.795,255,255,255,91.948,0.894,153457.651,100,118830,1.117,0.895,0.94
Rep1,Pos016,Uncompressed,40,11,401.627,255,255,255,74.546,0.908,102414.87,100,79305,1.349,0.741,0.933
Rep1,Pos016,Uncompressed,40,12,569.51,255,255,255,91.397,0.857,145224.945,100,112455,1.416,0.706,0.936
Rep1,Pos016,Uncompressed,40,13,529.476,255,255,255,94.611,0.743,135016.389,100,104550,1.957,0.511,0.896
Rep1,Pos016,Uncompressed,40,14,634.08,255,255,255,101.429,0.775,161690.358,100,125205,1.116,0.896,0.908
Rep1,Pos016,Uncompressed,40,15,614.709,255,255,255,93.004,0.893,156750.734,100,121380,1.356,0.737,0.948
Rep1,Pos016,Uncompressed,40,16,468.78,255,255,255,94.335,0.662,119538.9,100,92565,2.078,0.481,0.847
Rep1,Pos016,Uncompressed,40,17,596.629,255,255,255,96.494,0.805,152140.418,100,117810,1.125,0.889,0.895
Rep1,Pos016,Uncompressed,45,1,462.323,255,255,255,82.03,0.863,117892.359,100,91290,1.205,0.83,0.92
Rep1,Pos016,Uncompressed,45,2,707.69,255,255,255,117.11,0.648,180460.929,100,139740,1.317,0.759,0.853
Rep1,Pos016,Uncompressed,45,3,542.39,255,255,255,99.432,0.689,138309.471,100,107100,1.385,0.722,0.865
Rep1,Pos016,Uncompressed,45,4,517.853,255,255,255,86.461,0.871,132052.614,100,102255,1.232,0.812,0.922
Rep1,Pos016,Uncompressed,45,5,582.424,255,255,255,93.555,0.836,148518.027,100,115005,1.205,0.83,0.919
Rep1,Pos016,Uncompressed,45,6,533.35,255,255,255,101.981,0.644,136004.313,100,105315,1.668,0.6,0.834
Rep1,Pos016,Uncompressed,45,7,732.227,255,255,255,113.459,0.715,186717.786,100,144585,1.692,0.591,0.867
Rep1,Pos016,Uncompressed,45,8,489.442,255,255,255,84.188,0.868,124807.832,100,96645,1.293,0.774,0.926
Rep1,Pos016,Uncompressed,45,9,515.271,255,255,255,86.851,0.858,131393.998,100,101745,1.269,0.788,0.925
Rep1,Pos016,Uncompressed,45,10,366.759,255,255,255,73.214,0.86,93523.547,100,72420,1.299,0.77,0.91
Rep1,Pos016,Uncompressed,45,11,600.503,255,255,255,93.279,0.867,153128.343,100,118575,1.319,0.758,0.923
Rep1,Pos016,Uncompressed,45,12,595.338,255,255,255,101.039,0.733,151811.11,100,117555,1.256,0.796,0.889
Rep1,Pos016,Uncompressed,45,13,687.027,255,255,255,98.766,0.885,175191.997,100,135660,1.135,0.881,0.942
Rep1,Pos016,Uncompressed,45,14,582.424,255,255,255,96.218,0.791,148518.027,100,115005,1.365,0.733,0.902
Rep1,Pos016,Uncompressed,45,15,745.141,255,255,255,121.77,0.631,190010.869,100,147135,1.183,0.845,0.857
Rep1,Pos016,Uncompressed,45,16,563.053,255,255,255,88.734,0.899,143578.403,100,111180,1.074,0.931,0.936
Rep1,Pos017,Uncompressed,1,1,719.313,255,255,255,110.292,0.743,183424.703,100,142035,2.076,0.482,0.921
Rep1,Pos017,Uncompressed,1,2,718.021,255,255,255,108.523,0.766,183095.395,100,141780,1.103,0.906,0.902
Rep1,Pos017,Uncompressed,5,1,809.711,255,255,255,122.436,0.679,206476.282,100,159885,1.859,0.538,0.859
Rep1,Pos017,Uncompressed,10,1,667.656,255,255,255,101.981,0.807,170252.373,100,131835,1.531,0.653,0.912
Rep1,Pos017,Uncompressed,10,2,539.807,255,255,255,91.948,0.802,137650.855,100,106590,1.159,0.863,0.881
Rep1,Pos017,Uncompressed,10,3,529.476,255,255,255,86.461,0.89,135016.389,100,104550,1.354,0.738,0.938
Rep1,Pos017,Uncompressed,10,4,464.906,255,255,255,79.757,0.918,118550.975,100,91800,1.286,0.778,0.954
Rep1,Pos017,Uncompressed,10,5,445.535,255,255,255,80.698,0.86,113611.351,100,87975,1.287,0.777,0.906
Rep1,Pos017,Uncompressed,15,1,644.411,255,255,255,95.001,0.897,164324.824,100,127245,1.145,0.874,0.947
Rep1,Pos017,Uncompressed,15,2,302.189,255,255,255,64.513,0.912,77058.134,100,59670,1.173,0.853,0.925
Rep1,Pos017,Uncompressed,15,3,526.893,255,255,255,91.007,0.799,134357.772,100,104040,1.457,0.686,0.906
Rep1,Pos017,Uncompressed,15,4,439.078,255,255,255,79.091,0.882,111964.81,100,86700,1.192,0.839,0.923
Rep1,Pos017,Uncompressed,20,1,702.524,255,255,255,103.978,0.817,179143.696,100,138720,1.317,0.76,0.921
Rep1,Pos017,Uncompressed,20,2,968.554,255,255,255,174.919,0.398,246981.199,100,191250,1.89,0.529,0.8
Rep1,Pos017,Uncompressed,20,3,382.256,255,255,255,76.543,0.82,97475.246,100,75480,1.161,0.861,0.922
Rep1,Pos017,Uncompressed,20,4,330.6,255,255,255,70,0.848,84302.916,100,65280,1.396,0.716,0.918
Rep1,Pos017,Uncompressed,25,1,719.313,255,255,255,104.643,0.825,183424.703,100,142035,1.32,0.758,0.928
Rep1,Pos017,Uncompressed,25,2,479.111,255,255,255,82.971,0.875,122173.366,100,94605,1.317,0.759,0.924
Rep1,Pos017,Uncompressed,25,3,543.681,255,255,255,89.01,0.862,138638.779,100,107355,1.216,0.822,0.918
Rep1,Pos017,Uncompressed,25,4,622.457,255,255,255,94.497,0.876,158726.584,100,122910,1.3,0.769,0.927
Rep1,Pos017,Uncompressed,25,5,473.946,255,255,255,80.698,0.915,120856.133,100,93585,1.115,0.897,0.945
Rep1,Pos017,Uncompressed,30,1,666.365,255,255,255,100.764,0.825,169923.065,100,131580,1.445,0.692,0.936
Rep1,Pos017,Uncompressed,30,2,468.78,255,255,255,80.974,0.898,119538.9,100,92565,1.239,0.807,0.924
Rep1,Pos017,Uncompressed,30,3,475.237,255,255,255,88.344,0.765,121185.441,100,93840,1.724,0.58,0.894
Rep1,Pos017,Uncompressed,30,4,400.336,255,255,255,74.821,0.899,102085.562,100,79050,1.372,0.729,0.928
Rep1,Pos017,Uncompressed,30,5,507.522,255,255,255,82.03,0.948,129418.148,100,100215,1.061,0.943,0.955
Rep1,Pos017,Uncompressed,30,6,343.514,255,255,255,70,0.881,87595.998,100,67830,1.21,0.827,0.917
Rep1,Pos017,Uncompressed,30,7,427.455,255,255,255,76.818,0.91,109001.036,100,84405,1.204,0.83,0.936
Rep1,Pos017,Uncompressed,30,8,526.893,255,255,255,88.068,0.854,134357.772,100,104040,1.18,0.848,0.913
Rep1,Pos017,Uncompressed,35,1,579.841,255,255,255,90.455,0.891,147859.411,100,114495,1.171,0.854,0.947
Rep1,Pos017,Uncompressed,35,2,428.746,255,255,255,77.874,0.888,109330.344,100,84660,1.439,0.695,0.947
Rep1,Pos017,Uncompressed,35,3,543.681,255,255,255,88.458,0.873,138638.779,100,107355,1.058,0.945,0.92
Rep1,Pos017,Uncompressed,35,4,644.411,255,255,255,98.491,0.835,164324.824,100,127245,1.607,0.622,0.934
Rep1,Pos017,Uncompressed,35,5,414.541,255,255,255,78.425,0.847,105707.953,100,81855,1.261,0.793,0.928
Rep1,Pos017,Uncompressed,35,6,309.937,255,255,255,64.903,0.925,79033.984,100,61200,1.209,0.827,0.939
Rep1,Pos017,Uncompressed,35,7,538.516,255,255,255,93.004,0.782,137321.546,100,106335,1.6,0.625,0.905
Rep1,Pos017,Uncompressed,40,1,652.16,255,255,255,100.649,0.809,166300.674,100,128775,1.24,0.806,0.903
Rep1,Pos017,Uncompressed,40,2,479.111,255,255,255,82.971,0.875,122173.366,100,94605,1.435,0.697,0.936
Rep1,Pos017,Uncompressed,40,3,619.874,255,255,255,93.945,0.883,158067.967,100,122400,1.482,0.675,0.943
Rep1,Pos017,Uncompressed,40,4,475.237,255,255,255,82.581,0.876,121185.441,100,93840,1.243,0.805,0.913
Rep1,Pos017,Uncompressed,40,5,406.793,255,255,255,74.546,0.92,103732.103,100,80325,1.204,0.831,0.939
Rep1,Pos017,Uncompressed,40,6,366.759,255,255,255,71.056,0.913,93523.547,100,72420,1.223,0.818,0.94
Rep1,Pos017,Uncompressed,40,7,495.9,255,255,255,92.062,0.735,126454.374,100,97920,1.84,0.544,0.887
Rep1,Pos017,Uncompressed,40,8,392.587,255,255,255,72.663,0.934,100109.712,100,77520,1.258,0.795,0.943
Rep1,Pos017,Uncompressed,45,1,675.405,255,255,255,100.374,0.842,172228.222,100,133365,1.107,0.903,0.913
Rep1,Pos017,Uncompressed,45,2,485.568,255,255,255,84.854,0.847,123819.908,100,95880,1.684,0.594,0.935
Rep1,Pos017,Uncompressed,45,3,592.755,255,255,255,91.397,0.892,151152.494,100,117045,1.174,0.852,0.94
Rep1,Pos017,Uncompressed,45,4,355.136,255,255,255,70.941,0.887,90559.773,100,70125,1.111,0.9,0.92
Rep1,Pos017,Uncompressed,45,5,387.421,255,255,255,73.604,0.899,98792.479,100,76500,1.307,0.765,0.933
Rep1,Pos017,Uncompressed,45,6,349.971,255,255,255,73.604,0.812,89242.54,100,69105,1.511,0.662,0.917
Rep1,Pos017,Uncompressed,45,7,399.044,255,255,255,74.546,0.902,101756.254,100,78795,1.202,0.832,0.932
Rep1,Pos017,Uncompressed,45,8,477.82,255,255,255,84.854,0.834,121844.058,100,94350,1.569,0.638,0.926
Rep1,Pos018,Uncompressed,10,1,426.164,255,255,255,83.637,0.766,108671.727,100,84150,1.377,0.726,0.893
Rep1,Pos018,Uncompressed,10,2,377.09,255,255,255,71.721,0.921,96158.013,100,74460,1.077,0.929,0.953
Rep1,Pos018,Uncompressed,10,3,692.193,255,255,255,120.277,0.601,176509.23,100,136680,2.862,0.349,0.846
Rep1,Pos018,Uncompressed,15,1,400.336,255,255,255,74.935,0.896,102085.562,100,79050,1.068,0.937,0.945
Rep1,Pos018,Uncompressed,15,2,375.799,255,255,255,73.604,0.872,95828.705,100,74205,1.361,0.735,0.93
Rep1,Pos018,Uncompressed,15,3,652.16,255,255,255,100.098,0.818,166300.674,100,128775,1.338,0.747,0.92
Rep1,Pos018,Uncompressed,20,1,880.738,255,255,255,116.835,0.811,224588.237,100,173910,1.101,0.908,0.91
Rep1,Pos018,Uncompressed,20,2,592.755,255,255,255,94.221,0.839,151152.494,100,117045,1.469,0.681,0.917
Rep1,Pos018,Uncompressed,20,3,397.753,255,255,255,80.974,0.762,101426.946,100,78540,1.218,0.821,0.874
Rep1,Pos018,Uncompressed,20,4,462.323,255,255,255,82.03,0.863,117892.359,100,91290,1.584,0.631,0.935
Rep1,Pos018,Uncompressed,20,5,415.832,255,255,255,76.543,0.892,106037.261,100,82110,1.298,0.771,0.939
Rep1,Pos018,Uncompressed,20,6,525.602,255,255,255,86.851,0.876,134028.464,100,103785,1.254,0.797,0.929
Rep1,Pos018,Uncompressed,20,7,502.357,255,255,255,91.672,0.751,128100.915,100,99195,1.695,0.59,0.907
Rep1,Pos018,Uncompressed,20,8,641.828,255,255,255,112.955,0.632,163666.208,100,126735,2.721,0.368,0.911
Rep1,Pos018,Uncompressed,25,1,750.306,255,255,255,114.448,0.72,191328.102,100,148155,1.795,0.557,0.901
Rep1,Pos018,Uncompressed,25,2,1101.568,255,255,255,144.935,0.659,280899.95,100,217515,1.808,0.553,0.887
Rep1,Pos018,Uncompressed,25,3,665.074,255,255,255,101.429,0.812,169593.756,100,131325,1.54,0.649,0.912
Rep1,Pos018,Uncompressed,25,4,451.992,255,255,255,79.091,0.908,115257.893,100,89250,1.061,0.942,0.932
Rep1,Pos018,Uncompressed,25,5,390.004,255,255,255,73.214,0.914,99451.096,100,77010,1.101,0.908,0.939
Rep1,Pos018,Uncompressed,25,6,814.877,255,255,255,142.938,0.501,207793.515,100,160905,2.036,0.491,0.814
Rep1,Pos018,Uncompressed,30,1,795.505,255,255,255,120.99,0.683,202853.891,100,157080,2.103,0.475,0.871
Rep1,Pos018,Uncompressed,30,2,661.199,255,255,255,100.098,0.829,168605.832,100,130560,1.551,0.645,0.937
Rep1,Pos018,Uncompressed,30,3,413.25,255,255,255,74.935,0.925,105378.645,100,81600,1.137,0.88,0.948
Rep1,Pos018,Uncompressed,30,4,436.495,255,255,255,80.698,0.842,111306.194,100,86190,1.006,0.994,0.911
Rep1,Pos018,Uncompressed,30,5,495.9,255,255,255,85.52,0.852,126454.374,100,97920,1.476,0.677,0.919
Rep1,Pos018,Uncompressed,30,6,711.564,255,255,255,103.864,0.829,181448.854,100,140505,1.305,0.766,0.918
Rep1,Pos018,Uncompressed,35,1,697.359,255,255,255,99.708,0.881,177826.463,100,137700,1.179,0.848,0.926
Rep1,Pos018,Uncompressed,35,2,575.967,255,255,255,96.884,0.771,146871.486,100,113730,1.82,0.549,0.895
Rep1,Pos018,Uncompressed,35,3,484.277,255,255,255,84.578,0.851,123490.599,100,95625,1.327,0.753,0.925
Rep1,Pos018,Uncompressed,35,4,485.568,255,255,255,83.247,0.88,123819.908,100,95880,1.36,0.735,0.935
Rep1,Pos018,Uncompressed,35,5,419.707,255,255,255,77.208,0.885,107025.186,100,82875,1.022,0.978,0.937
Rep1,Pos018,Uncompressed,35,6,517.853,255,255,255,83.912,0.924,132052.614,100,102255,1.196,0.836,0.947
Rep1,Pos018,Uncompressed,35,7,712.856,255,255,255,116.673,0.658,181778.162,100,140760,2.149,0.465,0.878
Rep1,Pos018,Uncompressed,40,1,646.994,255,255,255,93.669,0.927,164983.441,100,127755,1.276,0.784,0.957
Rep1,Pos018,Uncompressed,40,2,671.531,255,255,255,98.491,0.87,171240.298,100,132600,1.213,0.824,0.929
Rep1,Pos018,Uncompressed,40,3,411.958,255,255,255,75.877,0.899,105049.336,100,81345,1.398,0.715,0.944
Rep1,Pos018,Uncompressed,40,4,588.881,255,255,255,95.276,0.815,150164.569,100,116280,1.433,0.698,0.928
Rep1,Pos018,Uncompressed,40,5,632.788,255,255,255,101.039,0.779,161361.05,100,124950,1.442,0.694,0.915
Rep1,Pos018,Uncompressed,45,1,663.782,255,255,255,95.942,0.906,169264.448,100,131070,1.276,0.783,0.95
Rep1,Pos018,Uncompressed,45,2,622.457,255,255,255,95.942,0.85,158726.584,100,122910,1.155,0.866,0.937
Rep1,Pos018,Uncompressed,45,3,508.814,255,255,255,88.734,0.812,129747.456,100,100470,1.695,0.59,0.914
Rep1,Pos018,Uncompressed,45,4,470.071,255,255,255,81.088,0.898,119868.208,100,92820,1.204,0.83,0.944
Rep1,Pos018,Uncompressed,45,5,711.564,255,255,255,106.64,0.786,181448.854,100,140505,1.328,0.753,0.897
Rep1,Pos024,Compressed,1,1,1219.086,255,255,255,136.9,0.817,310867.002,100,240720,1.217,0.821,0.934
Rep1,Pos024,Compressed,1,2,1172.596,255,255,255,130.357,0.867,299011.904,100,231540,1.518,0.659,0.951
Rep1,Pos024,Compressed,1,3,799.38,255,255,255,111.462,0.809,203841.816,100,157845,1.416,0.706,0.92
Rep1,Pos024,Compressed,1,4,832.956,255,255,255,113.345,0.815,212403.831,100,164475,1.413,0.708,0.908
Rep1,Pos024,Compressed,1,5,2476.915,255,255,255,434.806,0.165,631613.252,100,489090,1.826,0.548,0.492
Rep1,Pos024,Compressed,1,6,1397.3,255,255,255,182.679,0.526,356311.543,100,275910,2.435,0.411,0.824
Rep1,Pos024,Compressed,1,7,1186.801,255,255,255,145.991,0.7,302634.295,100,234345,2.015,0.496,0.886
Rep1,Pos024,Compressed,1,8,2023.632,255,255,255,271.137,0.346,516026.051,100,399585,3.374,0.296,0.677
Rep1,Pos024,Compressed,1,9,1835.086,255,255,255,192.436,0.623,467947.044,100,362355,1.394,0.717,0.832
Rep1,Pos024,Compressed,1,10,1523.858,255,255,255,213.832,0.419,388583.752,100,300900,3.317,0.301,0.733
Rep1,Pos024,Compressed,1,11,1361.141,255,255,255,161.901,0.653,347090.911,100,268770,2.303,0.434,0.885
Rep1,Pos024,Compressed,1,12,2267.707,255,255,255,231.349,0.532,578265.313,100,447780,2.276,0.439,0.791
Rep1,Pos024,Compressed,1,13,1488.99,255,255,255,162.338,0.71,379692.429,100,294015,1.101,0.909,0.873
Rep1,Pos024,Compressed,1,14,1154.516,255,255,255,137.566,0.767,294401.589,100,227970,1.118,0.895,0.912
Rep1,Pos024,Compressed,1,15,1073.158,255,255,255,139.953,0.689,273655.168,100,211905,1.908,0.524,0.887
Rep1,Pos024,Compressed,1,16,3073.544,255,255,255,440.912,0.199,783753.67,100,606900,2.985,0.335,0.708
Rep1,Pos024,Compressed,1,17,1421.837,255,255,255,177.03,0.57,362568.4,100,280755,2.874,0.348,0.851
Rep1,Pos024,Compressed,1,18,1128.688,255,255,255,152.144,0.613,287815.423,100,222870,2.525,0.396,0.864
Rep1,Pos024,Compressed,5,1,1797.636,255,255,255,193.377,0.604,458397.105,100,354960,2.448,0.408,0.872
Rep1,Pos024,Compressed,5,2,1668.495,255,255,255,175.975,0.677,425466.278,100,329460,1.629,0.614,0.891
Rep1,Pos024,Compressed,5,3,1509.652,255,255,255,179.465,0.589,384961.362,100,298095,1.953,0.512,0.869
Rep1,Pos024,Compressed,5,4,703.816,255,255,255,115.066,0.668,179473.004,100,138975,2.517,0.397,0.94
Rep1,Pos024,Compressed,5,5,919.48,255,255,255,122.436,0.771,234467.485,100,181560,1.192,0.839,0.9
Rep1,Pos024,Compressed,5,6,1162.264,255,255,255,215.554,0.314,296377.438,100,229500,3.592,0.278,0.561
Rep1,Pos024,Compressed,5,7,1250.08,255,255,255,145.278,0.744,318770.4,100,246840,1.886,0.53,0.951
Rep1,Pos024,Compressed,5,8,1467.036,255,255,255,196.591,0.477,374094.189,100,289680,2.332,0.429,0.777
Rep1,Pos024,Compressed,5,9,1478.659,255,255,255,154.417,0.779,377057.963,100,291975,1.505,0.664,0.931
Rep1,Pos024,Compressed,5,10,1133.854,255,255,255,167.549,0.508,289132.656,100,223890,3.032,0.33,0.794
Rep1,Pos024,Compressed,5,11,1463.162,255,255,255,172.209,0.62,373106.264,100,288915,2.18,0.459,0.864
Rep1,Pos024,Compressed,5,12,1565.183,255,255,255,160.179,0.767,399121.617,100,309060,1.611,0.621,0.907
Rep1,Pos024,Compressed,5,13,746.432,255,255,255,105.585,0.841,190340.177,100,147390,1.286,0.778,0.935
Rep1,Pos024,Compressed,5,14,1680.118,255,255,255,189.222,0.59,428430.053,100,331755,2.694,0.371,0.873
Rep1,Pos024,Compressed,5,15,1168.721,255,255,255,136.9,0.784,298023.98,100,230775,1.468,0.681,0.897
Rep1,Pos024,Compressed,5,16,1547.103,255,255,255,175.423,0.632,394511.301,100,305490,2.241,0.446,0.893
Rep1,Pos024,Compressed,5,17,1368.889,255,255,255,178.913,0.537,349066.761,100,270300,2.318,0.431,0.793
Rep1,Pos024,Compressed,5,18,1743.397,255,255,255,166.722,0.788,444566.157,100,344250,1.207,0.828,0.927
Rep1,Pos024,Compressed,5,19,1779.556,255,255,255,198.589,0.567,453786.789,100,351390,2.207,0.453,0.851
Rep1,Pos024,Compressed,5,20,1925.485,255,255,255,247.601,0.395,490998.623,100,380205,4.434,0.226,0.751
Rep1,Pos024,Compressed,5,21,2740.361,255,255,255,246.365,0.567,698792.138,100,541110,2.262,0.442,0.835
Rep1,Pos024,Compressed,5,22,1284.948,255,255,255,164.221,0.599,327661.723,100,253725,1.245,0.803,0.893
Rep1,Pos024,Compressed,5,23,2329.695,255,255,255,254.676,0.451,594072.11,100,460020,3.233,0.309,0.742
Rep1,Pos024,Compressed,5,24,1232,255,255,255,149.367,0.694,314160.085,100,243270,2.196,0.455,0.897
Rep1,Pos024,Compressed,5,25,1591.011,255,255,255,175.585,0.648,405707.782,100,314160,1.86,0.538,0.881
Rep1,Pos024,Compressed,10,1,1530.315,255,255,255,211.95,0.428,390230.294,100,302175,3.001,0.333,0.702
Rep1,Pos024,Compressed,10,2,1950.021,255,255,255,203.686,0.591,497255.48,100,385050,2.725,0.367,0.844
Rep1,Pos024,Compressed,10,3,1365.015,255,255,255,154.692,0.717,348078.836,100,269535,1.837,0.544,0.908
Rep1,Pos024,Compressed,10,4,1077.032,255,255,255,144.545,0.648,274643.093,100,212670,2.351,0.425,0.909
Rep1,Pos024,Compressed,10,5,1662.038,255,255,255,198.037,0.533,423819.737,100,328185,2.26,0.442,0.786
Rep1,Pos024,Compressed,10,6,1743.397,255,255,255,215.991,0.47,444566.157,100,344250,3.402,0.294,0.776
Rep1,Pos024,Compressed,10,7,1791.179,255,255,255,168.491,0.793,456750.563,100,353685,1.497,0.668,0.914
Rep1,Pos024,Compressed,10,8,1456.705,255,255,255,180.91,0.559,371459.723,100,287640,2.386,0.419,0.869
Rep1,Pos024,Compressed,10,9,2033.963,255,255,255,194.984,0.672,518660.517,100,401625,2.124,0.471,0.897
Rep1,Pos024,Compressed,10,10,1483.824,255,255,255,154.692,0.779,378375.196,100,292995,1.849,0.541,0.947
Rep1,Pos024,Compressed,10,11,1331.439,255,255,255,152.581,0.719,339516.821,100,262905,2.144,0.466,0.923
Rep1,Pos024,Compressed,10,12,1627.17,255,255,255,170.212,0.706,414928.414,100,321300,1.473,0.679,0.896
Rep1,Pos024,Compressed,10,13,1959.061,255,255,255,166.608,0.887,499560.638,100,386835,1.176,0.85,0.957
Rep1,Pos024,Compressed,10,14,1262.994,255,255,255,154.302,0.667,322063.483,100,249390,1.627,0.615,0.861
Rep1,Pos024,Compressed,10,15,3045.133,255,255,255,270.31,0.524,776508.888,100,601290,2.151,0.465,0.763
Rep1,Pos024,Compressed,10,16,1527.732,255,255,255,166.056,0.696,389571.677,100,301665,1.478,0.677,0.896
Rep1,Pos024,Compressed,10,17,1915.154,255,255,255,199.14,0.607,488364.157,100,378165,2.649,0.377,0.904
Rep1,Pos024,Compressed,10,18,1691.74,255,255,255,156.575,0.867,431393.827,100,334050,1.05,0.953,0.941
Rep1,Pos024,Compressed,10,19,1361.141,255,255,255,142.111,0.847,347090.911,100,268770,1.25,0.8,0.943
Rep1,Pos024,Compressed,10,20,2510.491,255,255,255,253.345,0.492,640175.267,100,495720,2.972,0.337,0.82
Rep1,Pos024,Compressed,15,1,1303.028,255,255,255,190.829,0.45,332272.039,100,257295,3.466,0.289,0.787
Rep1,Pos024,Compressed,15,2,1346.935,255,255,255,205.245,0.402,343468.52,100,265965,4.054,0.247,0.745
Rep1,Pos024,Compressed,15,3,1040.872,255,255,255,198.151,0.333,265422.461,100,205530,5.683,0.176,0.699
Rep1,Pos024,Compressed,15,4,1474.784,255,255,255,152.809,0.794,376070.038,100,291210,1.312,0.762,0.928
Rep1,Pos024,Compressed,15,5,1108.025,255,255,255,196.04,0.362,282546.491,100,218790,3.988,0.251,0.753
Rep1,Pos024,Compressed,15,6,1588.428,255,255,255,177.696,0.632,405049.166,100,313650,1.26,0.794,0.854
Rep1,Pos024,Compressed,15,7,1353.392,255,255,255,164.725,0.627,345115.062,100,267240,2.121,0.471,0.836
Rep1,Pos024,Compressed,15,8,1478.659,255,255,255,189.222,0.519,377057.963,100,291975,1.544,0.647,0.834
Rep1,Pos024,Compressed,15,9,1791.179,255,255,255,243.816,0.379,456750.563,100,353685,4.686,0.213,0.714
Rep1,Pos024,Compressed,15,10,1228.126,255,255,255,143.718,0.747,313172.16,100,242505,1.336,0.749,0.907
Rep1,Pos024,Compressed,15,11,1167.43,255,255,255,145.991,0.688,297694.671,100,230520,1.346,0.743,0.878
Rep1,Pos024,Compressed,15,12,1226.835,255,255,255,173.702,0.511,312842.852,100,242250,2.675,0.374,0.779
Rep1,Pos024,Compressed,15,13,1538.063,255,255,255,159.904,0.756,392206.143,100,303705,1.219,0.82,0.902
Rep1,Pos024,Compressed,20,1,1122.231,255,255,255,217.988,0.297,286168.882,100,221595,3.081,0.325,0.603
Rep1,Pos024,Compressed,20,2,2683.54,255,255,255,346.187,0.281,684302.574,100,529890,1.293,0.774,0.844
Rep1,Pos024,Compressed,20,3,1336.604,255,255,255,186.007,0.485,340834.054,100,263925,2.989,0.335,0.767
Rep1,Pos024,Compressed,20,4,1261.703,255,255,255,205.635,0.375,321734.175,100,249135,3.611,0.277,0.671
Rep1,Pos024,Compressed,20,5,1508.361,255,255,255,217.941,0.399,384632.053,100,297840,2.598,0.385,0.759
Rep1,Pos024,Compressed,20,6,1210.046,255,255,255,137.566,0.804,308561.844,100,238935,1.354,0.738,0.907
Rep1,Pos024,Compressed,20,7,523.019,255,255,255,112.289,0.521,133369.847,100,103275,2.257,0.443,0.758
Rep1,Pos024,Compressed,20,8,1454.122,255,255,255,176.365,0.587,370801.106,100,287130,2.378,0.421,0.85
Rep1,Pos024,Compressed,20,9,1062.826,255,255,255,140.114,0.68,271020.702,100,209865,1.863,0.537,0.882
Rep1,Pos024,Compressed,20,10,1331.439,255,255,255,162.728,0.632,339516.821,100,262905,1.809,0.553,0.835
Rep1,Pos024,Compressed,20,11,1126.105,255,255,255,156.024,0.581,287156.807,100,222360,2.353,0.425,0.832
Rep1,Pos024,Compressed,25,1,1211.338,255,255,255,222.971,0.306,308891.152,100,239190,3.7,0.27,0.58
Rep1,Pos024,Compressed,25,2,555.304,255,255,255,91.672,0.83,141602.554,100,109650,1.377,0.726,0.91
Rep1,Pos024,Compressed,25,3,1020.21,255,255,255,139.563,0.658,260153.529,100,201450,1.986,0.503,0.852
Rep1,Pos024,Compressed,25,4,1406.34,255,255,255,181.462,0.537,358616.7,100,277695,2.187,0.457,0.82
Rep1,Pos024,Compressed,25,5,1286.239,255,255,255,193.33,0.432,327991.032,100,253980,3.627,0.276,0.783
Rep1,Pos024,Compressed,25,6,1144.185,255,255,255,179.465,0.446,291767.123,100,225930,3.961,0.252,0.796
Rep1,Pos024,Compressed,25,7,719.313,255,255,255,111.738,0.724,183424.703,100,142035,1.131,0.884,0.87
Rep1,Pos024,Compressed,25,8,1067.992,255,255,255,135.293,0.733,272337.935,100,210885,1.628,0.614,0.904
Rep1,Pos024,Compressed,25,9,1689.158,255,255,255,205.293,0.504,430735.21,100,333540,1.953,0.512,0.793
Rep1,Pos024,Compressed,25,10,1516.109,255,255,255,200.586,0.474,386607.903,100,299370,3.399,0.294,0.834
Rep1,Pos024,Compressed,25,11,975.011,255,255,255,142.111,0.607,248627.74,100,192525,1.711,0.584,0.83
Rep1,Pos024,Compressed,30,1,1044.747,255,255,255,130.357,0.773,266410.386,100,206295,1.183,0.845,0.885
Rep1,Pos024,Compressed,30,2,778.717,255,255,255,109.189,0.821,198572.884,100,153765,1.257,0.796,0.91
Rep1,Pos024,Compressed,30,3,928.52,255,255,255,123.377,0.767,236772.642,100,183345,1.375,0.727,0.904
Rep1,Pos024,Compressed,30,4,910.44,255,255,255,127.923,0.699,232162.327,100,179775,1.528,0.655,0.879
Rep1,Pos024,Compressed,30,5,1579.388,255,255,255,200.586,0.493,402744.008,100,311865,2.789,0.359,0.813
Rep1,Pos024,Compressed,30,6,1643.959,255,255,255,232.728,0.381,419209.421,100,324615,4.061,0.246,0.749
Rep1,Pos024,Compressed,30,7,1040.872,255,255,255,157.517,0.527,265422.461,100,205530,2.837,0.352,0.816
Rep1,Pos024,Compressed,35,1,829.082,255,255,255,114.286,0.798,211415.906,100,163710,1.325,0.755,0.898
Rep1,Pos024,Compressed,35,2,758.055,255,255,255,107.192,0.829,193303.951,100,149685,1.617,0.618,0.932
Rep1,Pos024,Compressed,35,3,1065.409,255,255,255,154.302,0.562,271679.318,100,210375,2.15,0.465,0.841
Rep1,Pos024,Compressed,35,4,1144.185,255,255,255,168.995,0.503,291767.123,100,225930,3.058,0.327,0.823
Rep1,Pos024,Compressed,35,5,945.308,255,255,255,123.653,0.777,241053.65,100,186660,1.581,0.632,0.923
Rep1,Pos024,Compressed,35,6,1579.388,255,255,255,189.336,0.554,402744.008,100,311865,2.562,0.39,0.856
Rep1,Pos024,Compressed,35,7,973.719,255,255,255,129.967,0.724,248298.432,100,192270,1.132,0.883,0.87
Rep1,Pos024,Compressed,35,8,963.388,255,255,255,162.566,0.458,245663.966,100,190230,2.632,0.38,0.728
Rep1,Pos024,Compressed,35,9,1784.722,255,255,255,264.661,0.32,455104.022,100,352410,4.815,0.208,0.643
Rep1,Pos024,Compressed,40,1,1098.986,255,255,255,130.196,0.815,280241.333,100,217005,1.552,0.644,0.927
Rep1,Pos024,Compressed,40,2,1424.42,255,255,255,184.838,0.524,363227.016,100,281265,3.197,0.313,0.876
Rep1,Pos024,Compressed,40,3,1150.642,255,255,255,165.276,0.529,293413.664,100,227205,3.073,0.325,0.826
Rep1,Pos024,Compressed,40,4,703.816,255,255,255,102.646,0.839,179473.004,100,138975,1.037,0.964,0.918
Rep1,Pos024,Compressed,40,5,1055.078,255,255,255,138.897,0.687,269044.852,100,208335,1.627,0.614,0.86
Rep1,Pos024,Compressed,40,6,888.487,255,255,255,131.689,0.644,226564.086,100,175440,1.605,0.623,0.858
Rep1,Pos024,Compressed,40,7,882.03,255,255,255,120.6,0.762,224917.545,100,174165,1.74,0.575,0.905
Rep1,Pos024,Compressed,45,1,1155.807,255,255,255,132.354,0.829,294730.897,100,228225,1.278,0.783,0.933
Rep1,Pos024,Compressed,45,2,1110.608,255,255,255,177.306,0.444,283205.108,100,219300,2.409,0.415,0.741
Rep1,Pos024,Compressed,45,3,1499.321,255,255,255,181.072,0.575,382326.895,100,296055,1.765,0.567,0.83
Rep1,Pos024,Compressed,45,4,812.294,255,255,255,128.084,0.622,207134.899,100,160395,1.753,0.57,0.835
Rep1,Pos024,Compressed,45,5,1379.22,255,255,255,206.738,0.406,351701.227,100,272340,3.291,0.304,0.764
Rep1,Pos024,Compressed,45,6,707.69,255,255,255,103.312,0.833,180460.929,100,139740,1.293,0.773,0.913
Rep1,Pos024,Compressed,45,7,1031.833,255,255,255,127.533,0.797,263117.304,100,203745,1.464,0.683,0.915
Rep1,Pos024,Compressed,45,8,898.818,255,255,255,135.683,0.614,229198.552,100,177480,1.343,0.744,0.832
Rep1,Pos024,Compressed,45,9,907.858,255,255,255,119.497,0.799,231503.71,100,179265,1.661,0.602,0.927
Rep1,Pos024,Compressed,45,10,1782.139,255,255,255,253.069,0.35,454445.405,100,351900,4.481,0.223,0.703
Rep1,Pos025,Compressed,1,1,1117.065,255,255,255,186.673,0.403,284851.649,100,220575,2.73,0.366,0.678
Rep1,Pos025,Compressed,1,2,785.174,255,255,255,141.56,0.492,200219.425,100,155040,3.397,0.294,0.791
Rep1,Pos025,Compressed,1,3,715.438,255,255,255,100.764,0.885,182436.779,100,141270,1.167,0.857,0.942
Rep1,Pos025,Compressed,1,4,764.512,255,255,255,141.997,0.476,194950.493,100,150960,3.398,0.294,0.779
Rep1,Pos025,Compressed,1,5,849.744,255,255,255,136.624,0.572,216684.838,100,167790,2.051,0.487,0.834
Rep1,Pos025,Compressed,1,6,1560.017,255,255,255,180.91,0.599,397804.384,100,308040,2.687,0.372,0.896
Rep1,Pos025,Compressed,1,7,627.623,255,255,255,117.339,0.573,160043.817,100,123930,1.503,0.665,0.798
Rep1,Pos025,Compressed,1,8,680.57,255,255,255,116.559,0.629,173545.456,100,134385,1.667,0.6,0.841
Rep1,Pos025,Compressed,1,9,627.623,255,255,255,110.13,0.65,160043.817,100,123930,1.743,0.574,0.879
Rep1,Pos025,Compressed,1,10,799.38,255,255,255,165.552,0.367,203841.816,100,157845,2.717,0.368,0.669
Rep1,Pos025,Compressed,1,11,519.145,255,255,255,97.045,0.693,132381.922,100,102510,1.851,0.54,0.884
Rep1,Pos025,Compressed,1,12,823.916,255,255,255,120.99,0.707,210098.673,100,162690,1.771,0.565,0.883
Rep1,Pos025,Compressed,1,13,650.868,255,255,255,118.832,0.579,165971.365,100,128520,2.912,0.343,0.86
Rep1,Pos025,Compressed,1,14,840.705,255,255,255,119.773,0.736,214379.68,100,166005,2.013,0.497,0.931
Rep1,Pos025,Compressed,1,15,1587.137,255,255,255,170.212,0.688,404719.857,100,313395,1.693,0.591,0.875
Rep1,Pos025,Compressed,1,16,1164.847,255,255,255,155.748,0.603,297036.055,100,230010,1.25,0.8,0.883
Rep1,Pos025,Compressed,1,17,650.868,255,255,255,117.5,0.592,165971.365,100,128520,2.155,0.464,0.801
Rep1,Pos025,Compressed,1,18,805.837,255,255,255,127.419,0.624,205488.357,100,159120,1.952,0.512,0.867
Rep1,Pos025,Compressed,1,19,572.092,255,255,255,96.884,0.766,145883.561,100,112965,1.566,0.638,0.89
Rep1,Pos025,Compressed,1,20,1052.495,255,255,255,160.959,0.511,268386.236,100,207825,2.633,0.38,0.786
Rep1,Pos025,Compressed,1,21,2185.057,255,255,255,198.589,0.696,557189.584,100,431460,1.533,0.652,0.923
Rep1,Pos025,Compressed,1,22,1282.365,255,255,255,159.124,0.636,327003.107,100,253215,2.316,0.432,0.885
Rep1,Pos025,Compressed,5,1,808.42,255,255,255,114.952,0.769,206146.974,100,159630,1.931,0.518,0.934
Rep1,Pos025,Compressed,5,2,962.097,255,255,255,121.104,0.824,245334.657,100,189975,1.435,0.697,0.945
Rep1,Pos025,Compressed,5,3,790.34,255,255,255,106.526,0.875,201536.658,100,156060,1.39,0.72,0.939
Rep1,Pos025,Compressed,5,4,1057.661,255,255,255,122.322,0.888,269703.469,100,208845,1.32,0.758,0.955
Rep1,Pos025,Compressed,5,5,1277.2,255,255,255,194.87,0.423,325685.874,100,252195,4.085,0.245,0.747
Rep1,Pos025,Compressed,5,6,1334.021,255,255,255,159.399,0.66,340175.438,100,263415,2.161,0.463,0.879
Rep1,Pos025,Compressed,5,7,1483.824,255,255,255,231.282,0.349,378375.196,100,292995,4.51,0.222,0.663
Rep1,Pos025,Compressed,5,8,750.306,255,255,255,118.052,0.677,191328.102,100,148155,1.556,0.643,0.855
Rep1,Pos025,Compressed,5,9,770.969,255,255,255,120.325,0.669,196597.034,100,152235,2.401,0.417,0.877
Rep1,Pos025,Compressed,5,10,1667.204,255,255,255,191.494,0.571,425136.97,100,329205,2.61,0.383,0.836
Rep1,Pos025,Compressed,5,11,728.352,255,255,255,104.139,0.844,185729.861,100,143820,1.533,0.652,0.931
Rep1,Pos025,Compressed,5,12,782.591,255,255,255,134.903,0.54,199560.808,100,154530,2.787,0.359,0.831
Rep1,Pos025,Compressed,5,13,508.814,255,255,255,85.52,0.874,129747.456,100,100470,1.479,0.676,0.937
Rep1,Pos025,Compressed,5,14,946.6,255,255,255,125.536,0.755,241382.958,100,186915,1.612,0.62,0.898
Rep1,Pos025,Compressed,5,15,991.799,255,255,255,141.445,0.623,252908.747,100,195840,2.196,0.455,0.897
Rep1,Pos025,Compressed,5,16,1394.717,255,255,255,189.107,0.49,355652.926,100,275400,2.448,0.408,0.786
Rep1,Pos025,Compressed,5,17,641.828,255,255,255,99.432,0.816,163666.208,100,126735,1.28,0.781,0.914
Rep1,Pos025,Compressed,5,18,1743.397,255,255,255,202.193,0.536,444566.157,100,344250,2.681,0.373,0.809
Rep1,Pos025,Compressed,5,19,1082.197,255,255,255,186.007,0.393,275960.326,100,213690,2.713,0.369,0.723
Rep1,Pos025,Compressed,5,20,885.904,255,255,255,125.26,0.71,225905.47,100,174930,2.01,0.497,0.905
Rep1,Pos025,Compressed,5,21,2217.342,255,255,255,207.014,0.65,565422.291,100,437835,1.804,0.554,0.878
Rep1,Pos025,Compressed,5,22,1368.889,255,255,255,153.085,0.734,349066.761,100,270300,1.763,0.567,0.934
Rep1,Pos025,Compressed,10,1,1352.101,255,255,255,201.689,0.418,344785.753,100,266985,3.703,0.27,0.721
Rep1,Pos025,Compressed,10,2,1086.072,255,255,255,122.322,0.912,276948.251,100,214455,1.274,0.785,0.957
Rep1,Pos025,Compressed,10,3,981.468,255,255,255,142.938,0.604,250274.281,100,193800,2.488,0.402,0.892
Rep1,Pos025,Compressed,10,4,1216.503,255,255,255,181.025,0.466,310208.385,100,240210,3.486,0.287,0.784
Rep1,Pos025,Compressed,10,5,749.015,255,255,255,116.283,0.696,190998.794,100,147900,1.901,0.526,0.888
Rep1,Pos025,Compressed,10,6,781.3,255,255,255,106.802,0.861,199231.5,100,154275,1.359,0.736,0.933
Rep1,Pos025,Compressed,10,7,1696.906,255,255,255,253.022,0.333,432711.06,100,335070,3.685,0.271,0.612
Rep1,Pos025,Compressed,10,8,1606.508,255,255,255,208.345,0.465,409659.481,100,317220,2.848,0.351,0.737
Rep1,Pos025,Compressed,10,9,831.665,255,255,255,108.523,0.887,212074.523,100,164220,1.185,0.844,0.946
Rep1,Pos025,Compressed,10,10,533.35,255,255,255,87.127,0.883,136004.313,100,105315,1.151,0.869,0.931
Rep1,Pos025,Compressed,10,11,860.076,255,255,255,112.128,0.86,219319.304,100,169830,1.082,0.924,0.933
Rep1,Pos025,Compressed,10,12,975.011,255,255,255,151.364,0.535,248627.74,100,192525,2.232,0.448,0.8
Rep1,Pos025,Compressed,10,13,893.652,255,255,255,149.205,0.504,227881.319,100,176460,2.072,0.483,0.792
Rep1,Pos025,Compressed,10,14,667.656,255,255,255,107.192,0.73,170252.373,100,131835,1.579,0.633,0.878
Rep1,Pos025,Compressed,10,15,1860.915,255,255,255,187.5,0.665,474533.21,100,367455,2.081,0.481,0.904
Rep1,Pos025,Compressed,10,16,1066.7,255,255,255,132.24,0.767,272008.627,100,210630,1.978,0.506,0.921
Rep1,Pos025,Compressed,10,17,1206.172,255,255,255,144.27,0.728,307573.919,100,238170,1.296,0.772,0.909
Rep1,Pos025,Compressed,10,18,1348.227,255,255,255,158.848,0.671,343797.828,100,266220,1.886,0.53,0.895
Rep1,Pos025,Compressed,10,19,960.805,255,255,255,130.081,0.714,245005.349,100,189720,1.461,0.684,0.885
Rep1,Pos025,Compressed,10,20,1536.772,255,255,255,164.335,0.715,391876.835,100,303450,1.734,0.577,0.89
Rep1,Pos025,Compressed,10,21,1911.279,255,255,255,199.254,0.605,487376.232,100,377400,2.542,0.393,0.884
Rep1,Pos025,Compressed,10,22,1611.673,255,255,255,153.361,0.861,410976.714,100,318240,1.063,0.941,0.937
Rep1,Pos025,Compressed,10,23,2411.053,255,255,255,248.637,0.49,614818.53,100,476085,2.953,0.339,0.817
Rep1,Pos025,Compressed,15,1,1301.736,255,255,255,209.838,0.372,331942.731,100,257040,4.481,0.223,0.688
Rep1,Pos025,Compressed,15,2,1046.038,255,255,255,123.653,0.86,266739.694,100,206550,1.467,0.682,0.941
Rep1,Pos025,Compressed,15,3,862.659,255,255,255,115.066,0.819,219977.921,100,170340,1.666,0.6,0.948
Rep1,Pos025,Compressed,15,4,799.38,255,255,255,114.676,0.764,203841.816,100,157845,1.854,0.539,0.908
Rep1,Pos025,Compressed,15,5,798.088,255,255,255,113.069,0.784,203512.508,100,157590,1.568,0.638,0.925
Rep1,Pos025,Compressed,15,6,759.346,255,255,255,108.523,0.81,193633.26,100,149940,1.653,0.605,0.929
Rep1,Pos025,Compressed,15,7,532.059,255,255,255,88.734,0.849,135675.005,100,105060,1.394,0.717,0.925
Rep1,Pos025,Compressed,15,8,701.233,255,255,255,114.562,0.671,178814.388,100,138465,1.711,0.585,0.879
Rep1,Pos025,Compressed,15,9,769.677,255,255,255,131.023,0.563,196267.726,100,151980,2.125,0.471,0.817
Rep1,Pos025,Compressed,15,10,1044.747,255,255,255,134.903,0.721,266410.386,100,206295,1.578,0.634,0.897
Rep1,Pos025,Compressed,15,11,1423.128,255,255,255,202.906,0.434,362897.708,100,281010,3.807,0.263,0.769
Rep1,Pos025,Compressed,15,12,1321.107,255,255,255,152.695,0.712,336882.355,100,260865,1.257,0.796,0.905
Rep1,Pos025,Compressed,15,13,733.518,255,255,255,124.043,0.599,187047.094,100,144840,2.411,0.415,0.831
Rep1,Pos025,Compressed,15,14,666.365,255,255,255,102.371,0.799,169923.065,100,131580,1.117,0.895,0.906
Rep1,Pos025,Compressed,15,15,1033.124,255,255,255,136.51,0.697,263446.612,100,204000,1.226,0.816,0.889
Rep1,Pos025,Compressed,15,16,1908.697,255,255,255,230.569,0.451,486717.615,100,376890,3.263,0.306,0.768
Rep1,Pos025,Compressed,15,17,1956.479,255,255,255,259.954,0.364,498902.021,100,386325,4.348,0.23,0.765
Rep1,Pos025,Compressed,15,18,1691.74,255,255,255,211.008,0.477,431393.827,100,334050,3.234,0.309,0.8
Rep1,Pos025,Compressed,15,19,1554.852,255,255,255,161.511,0.749,396487.151,100,307020,1.14,0.878,0.904
Rep1,Pos025,Compressed,20,1,1265.577,255,255,255,208.46,0.366,322722.1,100,249900,2.182,0.458,0.668
Rep1,Pos025,Compressed,20,2,1179.053,255,255,255,193.149,0.397,300658.446,100,232815,4.814,0.208,0.73
Rep1,Pos025,Compressed,20,3,1120.94,255,255,255,144.66,0.673,285839.574,100,221340,1.385,0.722,0.844
Rep1,Pos025,Compressed,20,4,1074.449,255,255,255,126.981,0.837,273984.476,100,212160,1.228,0.814,0.931
Rep1,Pos025,Compressed,20,5,840.705,255,255,255,117.225,0.769,214379.68,100,166005,1.468,0.681,0.906
Rep1,Pos025,Compressed,20,6,1326.273,255,255,255,212.064,0.371,338199.588,100,261885,3.628,0.276,0.715
Rep1,Pos025,Compressed,20,7,1142.893,255,255,255,166.332,0.519,291437.814,100,225675,2.355,0.425,0.841
Rep1,Pos025,Compressed,20,8,698.65,255,255,255,104.139,0.81,178155.771,100,137955,1.596,0.627,0.911
Rep1,Pos025,Compressed,20,9,747.723,255,255,255,111.623,0.754,190669.485,100,147645,1.435,0.697,0.892
Rep1,Pos025,Compressed,20,10,639.245,255,255,255,105.195,0.726,163007.591,100,126225,1.629,0.614,0.874
Rep1,Pos025,Compressed,20,11,772.26,255,255,255,114.01,0.747,196926.342,100,152490,1.823,0.548,0.932
Rep1,Pos025,Compressed,20,12,1137.728,255,255,255,168.605,0.503,290120.581,100,224655,1.962,0.51,0.754
Rep1,Pos025,Compressed,20,13,649.577,255,255,255,116.007,0.607,165642.057,100,128265,1.944,0.514,0.853
Rep1,Pos025,Compressed,20,14,1468.327,255,255,255,190.163,0.51,374423.497,100,289935,2.328,0.43,0.767
Rep1,Pos025,Compressed,20,15,594.046,255,255,255,93.555,0.853,151481.802,100,117300,1.245,0.803,0.913
Rep1,Pos025,Compressed,20,16,949.183,255,255,255,126.867,0.741,242041.575,100,187425,1.657,0.603,0.896
Rep1,Pos025,Compressed,20,17,958.222,255,255,255,147.484,0.554,244346.732,100,189210,1.853,0.54,0.796
Rep1,Pos025,Compressed,20,18,2176.017,255,255,255,242.875,0.464,554884.426,100,429675,1.993,0.502,0.809
Rep1,Pos025,Compressed,20,19,1742.105,255,255,255,222.809,0.441,444236.849,100,343995,3.543,0.282,0.833
Rep1,Pos025,Compressed,20,20,1725.317,255,255,255,215.325,0.468,439955.842,100,340680,3.151,0.317,0.774
Rep1,Pos025,Compressed,20,21,1299.153,255,255,255,156.965,0.663,331284.114,100,256530,1.946,0.514,0.86
Rep1,Pos025,Compressed,25,1,1004.713,255,255,255,151.868,0.547,256201.83,100,198390,2.354,0.425,0.818
Rep1,Pos025,Compressed,25,2,1180.344,255,255,255,179.189,0.462,300987.754,100,233070,2.539,0.394,0.718
Rep1,Pos025,Compressed,25,3,808.42,255,255,255,106.916,0.889,206146.974,100,159630,1.155,0.865,0.929
Rep1,Pos025,Compressed,25,4,718.021,255,255,255,106.365,0.798,183095.395,100,141780,1.863,0.537,0.942
Rep1,Pos025,Compressed,25,5,1002.13,255,255,255,131.413,0.729,255543.213,100,197880,1.888,0.53,0.909
Rep1,Pos025,Compressed,25,6,1127.397,255,255,255,166.494,0.511,287486.115,100,222615,2.953,0.339,0.827
Rep1,Pos025,Compressed,25,7,492.025,255,255,255,86.185,0.832,125466.449,100,97155,1.217,0.822,0.904
Rep1,Pos025,Compressed,25,8,1189.384,255,255,255,219.662,0.31,303292.912,100,234855,5.384,0.186,0.674
Rep1,Pos025,Compressed,25,9,622.457,255,255,255,104.253,0.72,158726.584,100,122910,1.489,0.671,0.873
Rep1,Pos025,Compressed,25,10,671.531,255,255,255,129.806,0.501,171240.298,100,132600,2.997,0.334,0.796
Rep1,Pos025,Compressed,25,11,1157.099,255,255,255,168.329,0.513,295060.205,100,228480,1.969,0.508,0.763
Rep1,Pos025,Compressed,25,12,565.635,255,255,255,93.555,0.812,144237.02,100,111690,1.162,0.861,0.894
Rep1,Pos025,Compressed,25,13,910.44,255,255,255,129.14,0.686,232162.327,100,179775,1.583,0.632,0.885
Rep1,Pos025,Compressed,25,14,1690.449,255,255,255,199.806,0.532,431064.519,100,333795,1.949,0.513,0.82
Rep1,Pos025,Compressed,25,15,2086.91,255,255,255,239.109,0.459,532162.156,100,412080,3.073,0.325,0.78
Rep1,Pos025,Compressed,25,16,1505.778,255,255,255,198.037,0.482,383973.437,100,297330,3.27,0.306,0.843
Rep1,Pos025,Compressed,25,17,985.342,255,255,255,141.997,0.614,251262.206,100,194565,1.775,0.564,0.85
Rep1,Pos025,Compressed,25,18,1798.927,255,255,255,223.865,0.451,458726.413,100,355215,3.293,0.304,0.834
Rep1,Pos025,Compressed,30,1,1220.378,255,255,255,192.55,0.414,311196.31,100,240975,2.341,0.427,0.765
Rep1,Pos025,Compressed,30,2,1024.084,255,255,255,158.182,0.514,261141.454,100,202215,2.315,0.432,0.779
Rep1,Pos025,Compressed,30,3,1191.967,255,255,255,168.766,0.526,303951.528,100,235365,1.81,0.553,0.763
Rep1,Pos025,Compressed,30,4,1046.038,255,255,255,129.416,0.785,266739.694,100,206550,1.73,0.578,0.934
Rep1,Pos025,Compressed,30,5,720.604,255,255,255,109.189,0.76,183754.012,100,142290,1.641,0.609,0.91
Rep1,Pos025,Compressed,30,6,732.227,255,255,255,114.01,0.708,186717.786,100,144585,1.604,0.623,0.89
Rep1,Pos025,Compressed,30,7,1151.933,255,255,255,186.673,0.415,293742.972,100,227460,2.996,0.334,0.73
Rep1,Pos025,Compressed,30,8,1144.185,255,255,255,187.89,0.407,291767.123,100,225930,3.175,0.315,0.646
Rep1,Pos025,Compressed,30,9,724.478,255,255,255,108.133,0.779,184741.937,100,143055,1.559,0.641,0.909
Rep1,Pos025,Compressed,30,10,654.742,255,255,255,104.253,0.757,166959.29,100,129285,1.493,0.67,0.918
Rep1,Pos025,Compressed,30,11,677.988,255,255,255,98.881,0.871,172886.839,100,133875,1.395,0.717,0.945
Rep1,Pos025,Compressed,30,12,878.155,255,255,255,110.52,0.903,223929.62,100,173400,1.176,0.85,0.956
Rep1,Pos025,Compressed,30,13,2064.957,255,255,255,219.044,0.541,526563.915,100,407745,2.046,0.489,0.84
Rep1,Pos025,Compressed,30,14,1717.569,255,255,255,226.299,0.421,437979.992,100,339150,4.128,0.242,0.778
Rep1,Pos025,Compressed,30,15,984.051,255,255,255,151.478,0.539,250932.898,100,194310,2.891,0.346,0.817
Rep1,Pos025,Compressed,35,1,1198.424,255,255,255,158.021,0.603,305598.07,100,236640,1.578,0.634,0.865
Rep1,Pos025,Compressed,35,2,783.883,255,255,255,121.77,0.664,199890.117,100,154785,2.103,0.476,0.905
Rep1,Pos025,Compressed,35,3,1180.344,255,255,255,145.991,0.696,300987.754,100,233070,1.561,0.641,0.871
Rep1,Pos025,Compressed,35,4,752.889,255,255,255,103.588,0.882,191986.718,100,148665,1.107,0.904,0.934
Rep1,Pos025,Compressed,35,5,1047.329,255,255,255,172.599,0.442,267069.003,100,206805,3.635,0.275,0.777
Rep1,Pos025,Compressed,35,6,1171.304,255,255,255,195.26,0.386,298682.596,100,231285,3.404,0.294,0.677
Rep1,Pos025,Compressed,35,7,1043.455,255,255,255,133.961,0.731,266081.078,100,206040,2.057,0.486,0.917
Rep1,Pos025,Compressed,35,8,719.313,255,255,255,127.694,0.554,183424.703,100,142035,2.419,0.413,0.788
Rep1,Pos025,Compressed,35,9,493.317,255,255,255,87.127,0.817,125795.757,100,97410,1.379,0.725,0.898
Rep1,Pos025,Compressed,35,10,665.074,255,255,255,104.253,0.769,169593.756,100,131325,1.762,0.568,0.905
Rep1,Pos025,Compressed,35,11,692.193,255,255,255,118.67,0.618,176509.23,100,136680,2.694,0.371,0.905
Rep1,Pos025,Compressed,35,12,662.491,255,255,255,109.075,0.7,168935.14,100,130815,1.808,0.553,0.884
Rep1,Pos025,Compressed,35,13,1160.973,255,255,255,178.799,0.456,296048.13,100,229245,1.499,0.667,0.755
Rep1,Pos025,Compressed,35,14,564.344,255,255,255,89.789,0.88,143907.712,100,111435,1.211,0.826,0.924
Rep1,Pos025,Compressed,35,15,839.413,255,255,255,112.679,0.831,214050.372,100,165750,1.415,0.707,0.918
Rep1,Pos025,Compressed,35,16,1996.512,255,255,255,211.95,0.558,509110.577,100,394230,1.62,0.617,0.878
Rep1,Pos025,Compressed,35,17,985.342,255,255,255,162.566,0.469,251262.206,100,194565,2.632,0.38,0.758
Rep1,Pos025,Compressed,40,1,1277.2,255,255,255,179.579,0.498,325685.874,100,252195,1.641,0.609,0.791
Rep1,Pos025,Compressed,40,2,882.03,255,255,255,120.049,0.769,224917.545,100,174165,1.486,0.673,0.904
Rep1,Pos025,Compressed,40,3,1157.099,255,255,255,168.881,0.51,295060.205,100,228480,2.052,0.487,0.78
Rep1,Pos025,Compressed,40,4,769.677,255,255,255,108.248,0.825,196267.726,100,151980,1.439,0.695,0.938
Rep1,Pos025,Compressed,40,5,737.392,255,255,255,105.585,0.831,188035.019,100,145605,1.322,0.756,0.918
Rep1,Pos025,Compressed,40,6,1078.323,255,255,255,131.413,0.785,274972.401,100,212925,1.558,0.642,0.919
Rep1,Pos025,Compressed,40,7,587.589,255,255,255,102.922,0.697,149835.26,100,116025,1.962,0.51,0.866
Rep1,Pos025,Compressed,40,8,672.822,255,255,255,107.078,0.737,171569.606,100,132855,1.248,0.801,0.876
Rep1,Pos025,Compressed,40,9,661.199,255,255,255,115.617,0.622,168605.832,100,130560,1.933,0.517,0.833
Rep1,Pos025,Compressed,40,10,1137.728,255,255,255,157.241,0.578,290120.581,100,224655,2.284,0.438,0.818
Rep1,Pos025,Compressed,40,11,845.87,255,255,255,115.503,0.797,215696.913,100,167025,1.146,0.873,0.91
Rep1,Pos025,Compressed,40,12,1986.181,255,255,255,203.8,0.601,506476.111,100,392190,1.531,0.653,0.845
Rep1,Pos025,Compressed,45,1,1233.292,255,255,255,182.517,0.465,314489.393,100,243525,1.84,0.544,0.772
Rep1,Pos025,Compressed,45,2,796.797,255,255,255,121.656,0.677,203183.199,100,157335,2.148,0.465,0.884
Rep1,Pos025,Compressed,45,3,1040.872,255,255,255,155.909,0.538,265422.461,100,205530,1.059,0.944,0.798
Rep1,Pos025,Compressed,45,4,910.44,255,255,255,140.114,0.583,232162.327,100,179775,1.297,0.771,0.804
Rep1,Pos025,Compressed,45,5,687.027,255,255,255,108.133,0.738,175191.997,100,135660,1.435,0.697,0.89
Rep1,Pos025,Compressed,45,6,1185.51,255,255,255,160.294,0.58,302304.987,100,234090,1.342,0.745,0.864
Rep1,Pos025,Compressed,45,7,1079.615,255,255,255,193.101,0.364,275301.709,100,213180,2.527,0.396,0.644
Rep1,Pos025,Compressed,45,8,530.767,255,255,255,113.62,0.517,135345.697,100,104805,3.359,0.298,0.8
Rep1,Pos025,Compressed,45,9,693.484,255,255,255,117.776,0.628,176838.538,100,136935,1.225,0.816,0.835
Rep1,Pos025,Compressed,45,10,658.617,255,255,255,98.376,0.855,167947.215,100,130050,1.199,0.834,0.917
Rep1,Pos025,Compressed,45,11,818.751,255,255,255,116.169,0.762,208781.44,100,161670,1.222,0.818,0.901
Rep1,Pos025,Compressed,45,12,537.224,255,255,255,91.558,0.805,136992.238,100,106080,1.058,0.945,0.889
Rep1,Pos025,Compressed,45,13,867.824,255,255,255,119.773,0.76,221295.154,100,171360,1.787,0.56,0.902
Rep1,Pos025,Compressed,45,14,1875.12,255,255,255,191.104,0.645,478155.6,100,370260,1.418,0.705,0.884
Rep1,Pos026,Compressed,1,1,1217.795,255,255,255,148.54,0.694,310537.694,100,240465,1.59,0.629,0.878
Rep1,Pos026,Compressed,1,2,1359.849,255,255,255,157.517,0.689,346761.603,100,268515,1.923,0.52,0.869
Rep1,Pos026,Compressed,1,3,1124.814,255,255,255,162.566,0.535,286827.499,100,222105,1.971,0.507,0.782
Rep1,Pos026,Compressed,1,4,1332.73,255,255,255,152.695,0.718,339846.129,100,263160,1.773,0.564,0.895
Rep1,Pos026,Compressed,1,5,665.074,255,255,255,104.643,0.763,169593.756,100,131325,1.613,0.62,0.918
Rep1,Pos026,Compressed,1,6,1514.818,255,255,255,231.739,0.354,386278.595,100,299115,2.508,0.399,0.679
Rep1,Pos026,Compressed,1,7,1831.212,255,255,255,205.958,0.542,466959.119,100,361590,2.27,0.441,0.812
Rep1,Pos026,Compressed,1,8,1219.086,255,255,255,182.517,0.46,310867.002,100,240720,2.095,0.477,0.739
Rep1,Pos026,Compressed,1,9,1301.736,255,255,255,196.316,0.424,331942.731,100,257040,1.849,0.541,0.657
Rep1,Pos026,Compressed,1,10,922.063,255,255,255,151.364,0.506,235126.101,100,182070,1.627,0.615,0.817
Rep1,Pos026,Compressed,1,11,1104.151,255,255,255,164.725,0.511,281558.566,100,218025,1.27,0.787,0.749
Rep1,Pos026,Compressed,1,12,1030.541,255,255,255,193.101,0.347,262787.995,100,203490,2.872,0.348,0.637
Rep1,Pos026,Compressed,1,13,1463.162,255,255,255,198.978,0.464,373106.264,100,288915,2.94,0.34,0.781
Rep1,Pos026,Compressed,5,1,1279.782,255,255,255,150.765,0.708,326344.49,100,252705,2.025,0.494,0.934
Rep1,Pos026,Compressed,5,2,1534.189,255,255,255,147.322,0.888,391218.219,100,302940,1.203,0.831,0.954
Rep1,Pos026,Compressed,5,3,1348.227,255,255,255,144.108,0.816,343797.828,100,266220,1.08,0.926,0.922
Rep1,Pos026,Compressed,5,4,1461.87,255,255,255,146.933,0.851,372776.956,100,288660,1.217,0.822,0.937
Rep1,Pos026,Compressed,5,5,746.432,255,255,255,134.237,0.521,190340.177,100,147390,2.002,0.5,0.752
Rep1,Pos026,Compressed,5,6,555.304,255,255,255,101.315,0.68,141602.554,100,109650,2.353,0.425,0.9
Rep1,Pos026,Compressed,5,7,661.199,255,255,255,127.533,0.511,168605.832,100,130560,2.971,0.337,0.809
Rep1,Pos026,Compressed,5,8,2015.883,255,255,255,228.021,0.487,514050.201,100,398055,2.82,0.355,0.813
Rep1,Pos026,Compressed,5,9,1394.717,255,255,255,197.371,0.45,355652.926,100,275400,1.196,0.836,0.8
Rep1,Pos026,Compressed,5,10,1443.791,255,255,255,169.546,0.631,368166.64,100,285090,1.913,0.523,0.86
Rep1,Pos026,Compressed,5,11,1579.388,255,255,255,201.137,0.491,402744.008,100,311865,2.975,0.336,0.819
Rep1,Pos026,Compressed,5,12,1268.16,255,255,255,212.777,0.352,323380.716,100,250410,3.365,0.297,0.616
Rep1,Pos026,Compressed,5,13,1006.004,255,255,255,123.767,0.825,256531.138,100,198645,1.521,0.658,0.936
Rep1,Pos026,Compressed,5,14,2108.864,255,255,255,264.433,0.379,537760.396,100,416415,1.53,0.654,0.764
Rep1,Pos026,Compressed,5,15,1012.461,255,255,255,118.442,0.907,258177.68,100,199920,1.375,0.727,0.959
Rep1,Pos026,Compressed,5,16,1286.239,255,255,255,191.932,0.439,327991.032,100,253980,4.118,0.243,0.778
Rep1,Pos026,Compressed,5,17,1487.699,255,255,255,230.341,0.352,379363.121,100,293760,4.594,0.218,0.693
Rep1,Pos026,Compressed,5,18,670.239,255,255,255,112.289,0.668,170910.989,100,132345,2.399,0.417,0.866
Rep1,Pos026,Compressed,5,19,1713.694,255,255,255,193.767,0.574,436992.067,100,338385,2.533,0.395,0.847
Rep1,Pos026,Compressed,5,20,800.671,255,255,255,109.74,0.835,204171.124,100,158100,1.621,0.617,0.941
Rep1,Pos026,Compressed,5,21,789.048,255,255,255,130.081,0.586,201207.35,100,155805,2.615,0.382,0.843
Rep1,Pos026,Compressed,5,22,484.277,255,255,255,83.912,0.864,123490.599,100,95625,1.571,0.637,0.942
Rep1,Pos026,Compressed,5,23,906.566,255,255,255,160.179,0.444,231174.402,100,179010,3.016,0.332,0.76
Rep1,Pos026,Compressed,5,24,884.612,255,255,255,121.104,0.758,225576.161,100,174675,1.647,0.607,0.893
Rep1,Pos026,Compressed,10,1,760.638,255,255,255,136.624,0.512,193962.568,100,150195,2.604,0.384,0.772
Rep1,Pos026,Compressed,10,2,2125.653,255,255,255,216.495,0.57,542041.404,100,419730,2.617,0.382,0.843
Rep1,Pos026,Compressed,10,3,1478.659,255,255,255,159.352,0.732,377057.963,100,291975,2.158,0.463,0.937
Rep1,Pos026,Compressed,10,4,1589.72,255,255,255,158.297,0.797,405378.474,100,313905,1.194,0.838,0.915
Rep1,Pos026,Compressed,10,5,1359.849,255,255,255,151.478,0.745,346761.603,100,268515,1.483,0.674,0.918
Rep1,Pos026,Compressed,10,6,856.201,255,255,255,138.231,0.563,218331.38,100,169065,1.885,0.53,0.808
Rep1,Pos026,Compressed,10,7,1398.592,255,255,255,155.634,0.726,356640.851,100,276165,1.52,0.658,0.908
Rep1,Pos026,Compressed,10,8,1544.52,255,255,255,199.92,0.486,393852.685,100,304980,2.078,0.481,0.806
Rep1,Pos026,Compressed,10,9,858.784,255,255,255,113.735,0.834,218989.996,100,169575,1.193,0.838,0.937
Rep1,Pos026,Compressed,10,10,1461.87,255,255,255,149.871,0.818,372776.956,100,288660,1.394,0.717,0.932
Rep1,Pos026,Compressed,10,11,984.051,255,255,255,127.143,0.765,250932.898,100,194310,1.801,0.555,0.922
Rep1,Pos026,Compressed,10,12,1279.782,255,255,255,165.391,0.588,326344.49,100,252705,2.591,0.386,0.837
Rep1,Pos026,Compressed,10,13,1637.501,255,255,255,210.067,0.466,417562.88,100,323340,3.009,0.332,0.739
Rep1,Pos026,Compressed,10,14,2278.038,255,255,255,253.069,0.447,580899.779,100,449820,2.824,0.354,0.726
Rep1,Pos026,Compressed,10,15,1309.485,255,255,255,143.604,0.798,333918.581,100,258570,1.637,0.611,0.927
Rep1,Pos026,Compressed,10,16,1507.07,255,255,255,185.227,0.552,384302.745,100,297585,2.359,0.424,0.838
Rep1,Pos026,Compressed,10,17,1501.904,255,255,255,205.293,0.448,382985.512,100,296565,3.375,0.296,0.752
Rep1,Pos026,Compressed,10,18,1091.237,255,255,255,123.653,0.897,278265.484,100,215475,1.316,0.76,0.958
Rep1,Pos026,Compressed,10,19,1038.29,255,255,255,148.815,0.589,264763.845,100,205020,2.264,0.442,0.872
Rep1,Pos026,Compressed,10,20,1241.04,255,255,255,182.632,0.468,316465.242,100,245055,3.408,0.293,0.784
Rep1,Pos026,Compressed,10,21,768.386,255,255,255,118.166,0.692,195938.418,100,151725,2.013,0.497,0.907
Rep1,Pos026,Compressed,10,22,803.254,255,255,255,107.192,0.878,204829.741,100,158610,1.248,0.802,0.943
Rep1,Pos026,Compressed,10,23,1725.317,255,255,255,252.08,0.341,439955.842,100,340680,3.738,0.268,0.632
Rep1,Pos026,Compressed,10,24,1625.879,255,255,255,211.95,0.455,414599.105,100,321045,2.831,0.353,0.724
Rep1,Pos026,Compressed,10,25,816.168,255,255,255,115.617,0.767,208122.823,100,161160,1.488,0.672,0.904
Rep1,Pos026,Compressed,10,26,843.287,255,255,255,107.858,0.911,215038.297,100,166515,1.171,0.854,0.954
Rep1,Pos026,Compressed,10,27,526.893,255,255,255,86.461,0.886,134357.772,100,104040,1.167,0.857,0.932
Rep1,Pos026,Compressed,10,28,880.738,255,255,255,115.617,0.828,224588.237,100,173910,1.087,0.92,0.936
Rep1,Pos026,Compressed,15,1,785.174,255,255,255,127.419,0.608,200219.425,100,155040,2.099,0.476,0.813
Rep1,Pos026,Compressed,15,2,790.34,255,255,255,134.19,0.552,201536.658,100,156060,3.202,0.312,0.871
Rep1,Pos026,Compressed,15,3,1362.432,255,255,255,170.488,0.589,347420.219,100,269025,1.978,0.506,0.852
Rep1,Pos026,Compressed,15,4,993.09,255,255,255,145.877,0.586,253238.056,100,196095,2.068,0.484,0.816
Rep1,Pos026,Compressed,15,5,1421.837,255,255,255,179.465,0.555,362568.4,100,280755,1.52,0.658,0.854
Rep1,Pos026,Compressed,15,6,1237.166,255,255,255,168.605,0.547,315477.318,100,244290,2.215,0.451,0.828
Rep1,Pos026,Compressed,15,7,800.671,255,255,255,123.815,0.656,204171.124,100,158100,2.551,0.392,0.896
Rep1,Pos026,Compressed,15,8,746.432,255,255,255,112.955,0.735,190340.177,100,147390,1.426,0.701,0.898
Rep1,Pos026,Compressed,15,9,1809.258,255,255,255,219.595,0.471,461360.879,100,357255,1.411,0.709,0.79
Rep1,Pos026,Compressed,15,10,1291.405,255,255,255,181.966,0.49,329308.265,100,255000,3.249,0.308,0.824
Rep1,Pos026,Compressed,15,11,1432.168,255,255,255,214.774,0.39,365202.866,100,282795,4.282,0.234,0.714
Rep1,Pos026,Compressed,15,12,1075.74,255,255,255,125.926,0.852,274313.785,100,212415,1.489,0.672,0.939
Rep1,Pos026,Compressed,15,13,913.023,255,255,255,120.829,0.786,232820.943,100,180285,1.695,0.59,0.924
Rep1,Pos026,Compressed,15,14,1153.225,255,255,255,160.455,0.563,294072.28,100,227715,1.503,0.665,0.799
Rep1,Pos026,Compressed,15,15,1557.434,255,255,255,201.641,0.481,397145.767,100,307530,1.773,0.564,0.788
Rep1,Pos026,Compressed,15,16,777.426,255,255,255,111.072,0.792,198243.575,100,153510,1.551,0.645,0.925
Rep1,Pos026,Compressed,15,17,504.939,255,255,255,85.91,0.86,128759.532,100,99705,1.274,0.785,0.932
Rep1,Pos026,Compressed,20,1,737.392,255,255,255,140.78,0.468,188035.019,100,145605,1.697,0.589,0.724
Rep1,Pos026,Compressed,20,2,750.306,255,255,255,133.296,0.531,191328.102,100,148155,2.188,0.457,0.77
Rep1,Pos026,Compressed,20,3,951.765,255,255,255,148.54,0.542,242700.191,100,187935,1.533,0.652,0.79
Rep1,Pos026,Compressed,20,4,1362.432,255,255,255,188.832,0.48,347420.219,100,269025,1.697,0.589,0.803
Rep1,Pos026,Compressed,20,5,758.055,255,255,255,109.74,0.791,193303.951,100,149685,1.839,0.544,0.931
Rep1,Pos026,Compressed,20,6,816.168,255,255,255,128.084,0.625,208122.823,100,161160,1.24,0.807,0.793
Rep1,Pos026,Compressed,20,7,1080.906,255,255,255,147.208,0.627,275631.018,100,213435,2.13,0.469,0.896
Rep1,Pos026,Compressed,20,8,1275.908,255,255,255,212.615,0.355,325356.566,100,251940,2.039,0.49,0.668
Rep1,Pos026,Compressed,20,9,1212.629,255,255,255,192.873,0.41,309220.461,100,239445,4.312,0.232,0.73
Rep1,Pos026,Compressed,20,10,1111.9,255,255,255,140.39,0.709,283534.416,100,219555,1.408,0.71,0.874
Rep1,Pos026,Compressed,20,11,1057.661,255,255,255,126.981,0.824,269703.469,100,208845,1.223,0.818,0.917
Rep1,Pos026,Compressed,20,12,875.573,255,255,255,116.835,0.806,223271.004,100,172890,1.549,0.645,0.923
Rep1,Pos026,Compressed,20,13,736.101,255,255,255,106.251,0.819,187705.711,100,145350,1.06,0.944,0.917
Rep1,Pos026,Compressed,20,14,698.65,255,255,255,128.313,0.533,178155.771,100,137955,3.313,0.302,0.885
Rep1,Pos026,Compressed,20,15,1091.237,255,255,255,165.001,0.504,278265.484,100,215475,2.379,0.42,0.792
Rep1,Pos026,Compressed,20,16,484.277,255,255,255,82.305,0.898,123490.599,100,95625,1.067,0.937,0.932
Rep1,Pos026,Compressed,20,17,708.981,255,255,255,107.468,0.771,180790.237,100,139995,1.693,0.591,0.904
Rep1,Pos026,Compressed,20,18,916.898,255,255,255,116.835,0.844,233808.868,100,181050,1.054,0.949,0.917
Rep1,Pos026,Compressed,25,1,693.484,255,255,255,137.841,0.459,176838.538,100,136935,3.486,0.287,0.765
Rep1,Pos026,Compressed,25,2,725.77,255,255,255,112.679,0.718,185071.245,100,143310,1.773,0.564,0.894
Rep1,Pos026,Compressed,25,3,949.183,255,255,255,141.056,0.599,242041.575,100,187425,2.266,0.441,0.867
Rep1,Pos026,Compressed,25,4,716.73,255,255,255,108.638,0.763,182766.087,100,141525,2.027,0.493,0.936
Rep1,Pos026,Compressed,25,5,1115.774,255,255,255,162.566,0.531,284522.341,100,220320,3.02,0.331,0.826
Rep1,Pos026,Compressed,25,6,716.73,255,255,255,105.861,0.804,182766.087,100,141525,1.263,0.792,0.919
Rep1,Pos026,Compressed,25,7,742.558,255,255,255,130.471,0.548,189352.252,100,146625,2.078,0.481,0.766
Rep1,Pos026,Compressed,25,8,774.843,255,255,255,123.653,0.637,197584.959,100,153000,1.438,0.695,0.809
Rep1,Pos026,Compressed,25,9,835.539,255,255,255,122.987,0.694,213062.447,100,164985,1.838,0.544,0.873
Rep1,Pos026,Compressed,25,10,1305.61,255,255,255,205.797,0.387,332930.656,100,257805,2.389,0.419,0.726
Rep1,Pos026,Compressed,25,11,1061.535,255,255,255,157.355,0.539,270691.394,100,209610,2.342,0.427,0.82
Rep1,Pos026,Compressed,25,12,1228.126,255,255,255,187.614,0.438,313172.16,100,242505,2.546,0.393,0.693
Rep1,Pos026,Compressed,25,13,772.26,255,255,255,105.423,0.873,196926.342,100,152490,1.102,0.907,0.947
Rep1,Pos026,Compressed,25,14,721.895,255,255,255,107.306,0.788,184083.32,100,142545,1.92,0.521,0.947
Rep1,Pos026,Compressed,25,15,477.82,255,255,255,83.912,0.853,121844.058,100,94350,1.334,0.749,0.902
Rep1,Pos026,Compressed,25,16,1177.761,255,255,255,173.702,0.491,300329.137,100,232560,2.876,0.348,0.82
Rep1,Pos026,Compressed,25,17,1168.721,255,255,255,218.721,0.307,298023.98,100,230775,5.451,0.183,0.685
Rep1,Pos026,Compressed,30,1,756.763,255,255,255,118.166,0.681,192974.643,100,149430,1.24,0.806,0.869
Rep1,Pos026,Compressed,30,2,822.625,255,255,255,110.13,0.852,209769.365,100,162435,1.367,0.732,0.944
Rep1,Pos026,Compressed,30,3,692.193,255,255,255,104.919,0.79,176509.23,100,136680,1.595,0.627,0.923
Rep1,Pos026,Compressed,30,4,795.505,255,255,255,129.53,0.596,202853.891,100,157080,1.805,0.554,0.796
Rep1,Pos026,Compressed,30,5,1379.22,255,255,255,179.855,0.536,351701.227,100,272340,2.294,0.436,0.831
Rep1,Pos026,Compressed,30,6,1065.409,255,255,255,160.179,0.522,271679.318,100,210375,2.651,0.377,0.813
Rep1,Pos026,Compressed,30,7,745.141,255,255,255,112.907,0.735,190010.869,100,147135,1.905,0.525,0.902
Rep1,Pos026,Compressed,30,8,976.302,255,255,255,131.803,0.706,248957.048,100,192780,1.8,0.556,0.895
Rep1,Pos026,Compressed,30,9,1044.747,255,255,255,164.449,0.485,266410.386,100,206295,1.945,0.514,0.74
Rep1,Pos026,Compressed,30,10,768.386,255,255,255,114.172,0.741,195938.418,100,151725,1.701,0.588,0.895
Rep1,Pos026,Compressed,30,11,803.254,255,255,255,122.207,0.676,204829.741,100,158610,2.174,0.46,0.857
Rep1,Pos026,Compressed,30,12,1274.617,255,255,255,203.686,0.386,325027.257,100,251685,2.147,0.466,0.698
Rep1,Pos026,Compressed,30,13,1040.872,255,255,255,163.394,0.49,265422.461,100,205530,2.444,0.409,0.764
Rep1,Pos026,Compressed,30,14,1201.007,255,255,255,175.861,0.488,306256.686,100,237150,1.794,0.557,0.758
Rep1,Pos026,Compressed,30,15,993.09,255,255,255,126.753,0.777,253238.056,100,196095,1.839,0.544,0.938
Rep1,Pos026,Compressed,30,16,780.009,255,255,255,110.796,0.798,198902.192,100,154020,1.515,0.66,0.923
Rep1,Pos026,Compressed,30,17,712.856,255,255,255,110.13,0.739,181778.162,100,140760,1.695,0.59,0.885
Rep1,Pos026,Compressed,30,18,1158.39,255,255,255,172.371,0.49,295389.514,100,228735,3.064,0.326,0.812
Rep1,Pos026,Compressed,30,19,1154.516,255,255,255,184.286,0.427,294401.589,100,227970,3.157,0.317,0.674
Rep1,Pos026,Compressed,35,1,760.638,255,255,255,130.357,0.562,193962.568,100,150195,1.624,0.616,0.844
Rep1,Pos026,Compressed,35,2,829.082,255,255,255,110.682,0.85,211415.906,100,163710,1.242,0.805,0.932
Rep1,Pos026,Compressed,35,3,617.292,255,255,255,122.55,0.517,157409.351,100,121890,3.249,0.308,0.854
Rep1,Pos026,Compressed,35,4,809.711,255,255,255,116.445,0.75,206476.282,100,159885,1.723,0.581,0.884
Rep1,Pos026,Compressed,35,5,693.484,255,255,255,106.136,0.774,176838.538,100,136935,1.335,0.749,0.879
Rep1,Pos026,Compressed,35,6,1089.946,255,255,255,147.208,0.632,277936.175,100,215220,2.274,0.44,0.865
Rep1,Pos026,Compressed,35,7,1467.036,255,255,255,223.589,0.369,374094.189,100,289680,1.261,0.793,0.867
Rep1,Pos026,Compressed,35,8,910.44,255,255,255,126.316,0.717,232162.327,100,179775,1.732,0.577,0.899
Rep1,Pos026,Compressed,35,9,905.275,255,255,255,122.322,0.76,230845.094,100,178755,1.571,0.636,0.892
Rep1,Pos026,Compressed,35,10,897.526,255,255,255,140.39,0.572,228869.244,100,177225,1.66,0.602,0.841
Rep1,Pos026,Compressed,35,11,340.931,255,255,255,73.604,0.791,86937.382,100,67320,1.153,0.867,0.898
Rep1,Pos026,Compressed,35,12,1204.881,255,255,255,177.858,0.479,307244.611,100,237915,1.649,0.607,0.839
Rep1,Pos026,Compressed,35,13,1239.749,255,255,255,165.001,0.572,316135.934,100,244800,1.699,0.589,0.822
Rep1,Pos026,Compressed,35,14,1238.457,255,255,255,154.968,0.648,315806.626,100,244545,1.546,0.647,0.837
Rep1,Pos026,Compressed,35,15,774.843,255,255,255,105.195,0.88,197584.959,100,153000,1.09,0.917,0.94
Rep1,Pos026,Compressed,35,16,1070.575,255,255,255,177.42,0.427,272996.552,100,211395,3.642,0.275,0.756
Rep1,Pos026,Compressed,35,17,1434.751,255,255,255,240.373,0.312,365861.482,100,283305,2.44,0.41,0.611
Rep1,Pos026,Compressed,40,1,830.373,255,255,255,115.617,0.781,211745.214,100,163965,1.185,0.844,0.907
Rep1,Pos026,Compressed,40,2,543.681,255,255,255,86.461,0.914,138638.779,100,107355,1.399,0.715,0.946
Rep1,Pos026,Compressed,40,3,725.77,255,255,255,102.761,0.864,185071.245,100,143310,1.159,0.863,0.945
Rep1,Pos026,Compressed,40,4,670.239,255,255,255,101.039,0.825,170910.989,100,132345,1.214,0.824,0.925
Rep1,Pos026,Compressed,40,5,919.48,255,255,255,128.474,0.7,234467.485,100,181560,1.134,0.882,0.86
Rep1,Pos026,Compressed,40,6,1034.415,255,255,255,137.29,0.69,263775.92,100,204255,2.154,0.464,0.885
Rep1,Pos026,Compressed,40,7,746.432,255,255,255,113.459,0.729,190340.177,100,147390,1.735,0.576,0.912
Rep1,Pos026,Compressed,40,8,715.438,255,255,255,109.74,0.747,182436.779,100,141270,1.505,0.664,0.904
Rep1,Pos026,Compressed,40,9,862.659,255,255,255,115.893,0.807,219977.921,100,170340,1.226,0.816,0.911
Rep1,Pos026,Compressed,40,10,1332.73,255,255,255,181.186,0.51,339846.129,100,263160,1.67,0.599,0.791
Rep1,Pos026,Compressed,40,11,847.162,255,255,255,113.345,0.829,216026.222,100,167280,1.342,0.745,0.941
Rep1,Pos026,Compressed,40,12,1175.179,255,255,255,170.878,0.506,299670.521,100,232050,2.199,0.455,0.791
Rep1,Pos026,Compressed,40,13,708.981,255,255,255,104.643,0.814,180790.237,100,139995,1.423,0.703,0.913
Rep1,Pos026,Compressed,40,14,1079.615,255,255,255,133.02,0.767,275301.709,100,213180,1.602,0.624,0.927
Rep1,Pos026,Compressed,45,1,860.076,255,255,255,112.289,0.857,219319.304,100,169830,1.153,0.867,0.933
Rep1,Pos026,Compressed,45,2,2440.755,255,255,255,315.262,0.309,622392.62,100,481950,1.792,0.558,0.594
Rep1,Pos026,Compressed,45,3,794.214,255,255,255,119.497,0.699,202524.583,100,156825,1.745,0.573,0.862
Rep1,Pos026,Compressed,45,4,1695.615,255,255,255,193.377,0.57,432381.752,100,334815,1.73,0.578,0.861
Rep1,Pos026,Compressed,45,5,729.644,255,255,255,103.702,0.853,186059.17,100,144075,1.254,0.797,0.946
Rep1,Pos026,Compressed,45,6,1505.778,255,255,255,216.105,0.405,383973.437,100,297330,2.281,0.438,0.787
Rep1,Pos026,Compressed,45,7,1062.826,255,255,255,139.058,0.691,271020.702,100,209865,2.012,0.497,0.908
Rep1,Pos026,Compressed,45,8,747.723,255,255,255,105.585,0.843,190669.485,100,147645,1.19,0.84,0.923
Rep1,Pos026,Compressed,45,9,1283.657,255,255,255,187.063,0.461,327332.415,100,253470,1.796,0.557,0.771
Rep1,Pos026,Compressed,45,10,787.757,255,255,255,124.594,0.638,200878.042,100,155550,2.16,0.463,0.841
Rep1,Pos026,Compressed,45,11,919.48,255,255,255,145.44,0.546,234467.485,100,181560,1.414,0.707,0.806
Rep1,Pos026,Compressed,45,12,887.195,255,255,255,141.835,0.554,226234.778,100,175185,1.321,0.757,0.812
Rep1,Pos026,Compressed,45,13,670.239,255,255,255,108.133,0.72,170910.989,100,132345,1.411,0.709,0.886
Rep1,Pos026,Compressed,45,14,1153.225,255,255,255,154.141,0.61,294072.28,100,227715,1.316,0.76,0.863
Rep1,Pos026,Compressed,45,15,1109.317,255,255,255,129.806,0.827,282875.799,100,219045,1.229,0.814,0.936
Rep2,Pos001,Uncompressed,10,1,493.317,255,255,255,84.578,0.867,125795.757,100,97410,1.414,0.707,0.929
Rep2,Pos001,Uncompressed,10,2,508.814,255,255,255,88.734,0.812,129747.456,100,100470,1.702,0.587,0.905
Rep2,Pos001,Uncompressed,10,3,585.006,255,255,255,110.13,0.606,149176.644,100,115515,1.398,0.715,0.848
Rep2,Pos001,Uncompressed,10,4,334.474,255,255,255,72.663,0.796,85290.841,100,66045,1.804,0.554,0.899
Rep2,Pos001,Uncompressed,15,1,420.998,255,255,255,76.818,0.897,107354.494,100,83130,1.114,0.897,0.931
Rep2,Pos001,Uncompressed,15,2,609.543,255,255,255,98.376,0.791,155433.501,100,120360,1.311,0.763,0.91
Rep2,Pos001,Uncompressed,15,3,736.101,255,255,255,110.958,0.751,187705.711,100,145350,1.111,0.9,0.891
Rep2,Pos001,Uncompressed,15,4,462.323,255,255,255,82.305,0.858,117892.359,100,91290,1.393,0.718,0.925
Rep2,Pos001,Uncompressed,15,5,583.715,255,255,255,99.432,0.742,148847.336,100,115260,1.144,0.874,0.89
Rep2,Pos001,Uncompressed,15,6,330.6,255,255,255,69.61,0.857,84302.916,100,65280,1.037,0.965,0.898
Rep2,Pos001,Uncompressed,15,7,659.908,255,255,255,104.919,0.753,168276.523,100,130305,1.317,0.759,0.881
Rep2,Pos001,Uncompressed,20,1,789.048,255,255,255,106.365,0.876,201207.35,100,155805,1.262,0.793,0.947
Rep2,Pos001,Uncompressed,20,2,587.589,255,255,255,93.945,0.837,149835.26,100,116025,1.168,0.856,0.915
Rep2,Pos001,Uncompressed,20,3,515.271,255,255,255,85.52,0.885,131393.998,100,101745,1.114,0.897,0.921
Rep2,Pos004,Uncompressed,5,1,552.721,255,255,255,92.338,0.815,140943.937,100,109140,1.281,0.781,0.91
Rep2,Pos004,Uncompressed,5,2,499.774,255,255,255,85.244,0.864,127442.298,100,98685,1.398,0.715,0.931
Rep2,Pos004,Uncompressed,10,1,513.979,255,255,255,92.338,0.758,131064.689,100,101490,1.451,0.689,0.888
Rep2,Pos004,Uncompressed,10,2,400.336,255,255,255,78.036,0.826,102085.562,100,79050,1.361,0.735,0.913
Rep2,Pos004,Uncompressed,10,3,537.224,255,255,255,93.555,0.771,136992.238,100,106080,1.319,0.758,0.868
Rep2,Pos004,Uncompressed,10,4,515.271,255,255,255,85.52,0.885,131393.998,100,101745,1.099,0.91,0.926
Rep2,Pos004,Uncompressed,10,5,424.872,255,255,255,82.03,0.793,108342.419,100,83895,1.485,0.673,0.906
Rep2,Pos004,Uncompressed,15,1,528.185,255,255,255,87.517,0.867,134687.08,100,104295,1.098,0.911,0.923
Rep2,Pos004,Uncompressed,15,2,507.522,255,255,255,86.851,0.846,129418.148,100,100215,1.25,0.8,0.912
Rep2,Pos004,Uncompressed,15,3,741.266,255,255,255,107.192,0.811,189022.944,100,146370,1.271,0.787,0.91
Rep2,Pos004,Uncompressed,15,4,427.455,255,255,255,77.484,0.895,109001.036,100,84405,1.181,0.847,0.938
Rep2,Pos004,Uncompressed,15,5,477.82,255,255,255,86.851,0.796,121844.058,100,94350,1.606,0.623,0.902
Rep2,Pos004,Uncompressed,20,1,526.893,255,255,255,84.968,0.917,134357.772,100,104040,1.049,0.954,0.952
Rep2,Pos004,Uncompressed,20,2,374.507,255,255,255,80.033,0.735,95499.397,100,73950,1.587,0.63,0.876
Rep2,Pos004,Uncompressed,20,3,640.537,255,255,255,110.682,0.657,163336.899,100,126480,1.337,0.748,0.834
Rep2,Pos005,Uncompressed,1,1,302.17,255,255,255,66.898,0.848,77053.378,100,59670,1.623,0.616,0.938
Rep2,Pos005,Uncompressed,5,1,278.926,255,255,255,63.57,0.867,71126.195,100,55080,1.448,0.691,0.911
Rep2,Pos005,Uncompressed,10,1,905.219,255,255,255,133.957,0.634,230830.845,100,178755,2.194,0.456,0.865
Rep2,Pos005,Uncompressed,10,2,293.131,255,255,255,66.118,0.843,74748.362,100,57885,1.31,0.764,0.903
Rep2,Pos005,Uncompressed,10,3,408.059,255,255,255,79.364,0.814,104054.989,100,80580,1.287,0.777,0.908
Rep2,Pos005,Uncompressed,10,4,419.681,255,255,255,100.37,0.524,107018.58,100,82875,2.058,0.486,0.752
Rep2,Pos005,Uncompressed,10,5,358.988,255,255,255,72.936,0.848,91542.047,100,70890,1.237,0.808,0.906
Rep2,Pos005,Uncompressed,10,6,533.317,255,255,255,90.177,0.824,135995.919,100,105315,1.375,0.727,0.941
Rep2,Pos005,Uncompressed,10,7,462.294,255,255,255,83.91,0.825,117885.082,100,91290,1.298,0.77,0.909
Rep2,Pos005,Uncompressed,10,8,448.09,255,255,255,84.576,0.787,114262.915,100,88485,1.125,0.889,0.898
Rep2,Pos005,Uncompressed,15,1,977.533,255,255,255,143.828,0.594,249270.969,100,193035,2.3,0.435,0.837
Rep2,Pos005,Uncompressed,15,2,399.02,255,255,255,80.81,0.768,101749.973,100,78795,1.497,0.668,0.889
Rep2,Pos005,Uncompressed,15,3,388.689,255,255,255,78.423,0.794,99115.669,100,76755,1.72,0.581,0.907
Rep2,Pos005,Uncompressed,15,4,286.674,255,255,255,63.294,0.899,73101.922,100,56610,1.389,0.72,0.933
Rep2,Pos005,Uncompressed,15,5,313.792,255,255,255,65.842,0.91,80016.969,100,61965,1.315,0.761,0.935
Rep2,Pos005,Uncompressed,15,6,590.136,255,255,255,101.426,0.721,150484.588,100,116535,1.586,0.63,0.846
Rep2,Pos005,Uncompressed,15,7,627.584,255,255,255,107.189,0.686,160033.938,100,123930,1.491,0.671,0.866
Rep2,Pos005,Uncompressed,20,1,373.193,255,255,255,73.992,0.857,95164.214,100,73695,1.071,0.934,0.925
Rep2,Pos005,Uncompressed,20,2,665.033,255,255,255,100.76,0.823,169583.288,100,131325,1.106,0.904,0.92
Rep2,Pos005,Uncompressed,20,3,650.828,255,255,255,100.095,0.816,165961.121,100,128520,1.149,0.871,0.918
Rep2,Pos005,Uncompressed,20,4,482.956,255,255,255,87.79,0.787,123153.689,100,95370,1.304,0.767,0.893
Rep2,Pos005,Uncompressed,20,5,306.044,255,255,255,66.232,0.877,78041.241,100,60435,1.392,0.718,0.939
Rep2,Pos005,Uncompressed,20,6,569.474,255,255,255,96.215,0.773,145215.981,100,112455,1.435,0.697,0.888
Rep2,Pos005,Uncompressed,20,7,572.057,255,255,255,93.666,0.819,145874.557,100,112965,1.441,0.694,0.937
Rep2,Pos005,Uncompressed,25,1,476.499,255,255,255,83.244,0.864,121507.249,100,94095,1.218,0.821,0.913
Rep2,Pos005,Uncompressed,25,2,537.191,255,255,255,88.18,0.868,136983.782,100,106080,1.348,0.742,0.937
Rep2,Pos005,Uncompressed,25,3,595.301,255,255,255,92.059,0.883,151801.74,100,117555,1.216,0.823,0.942
Rep2,Pos005,Uncompressed,25,4,399.02,255,255,255,75.599,0.877,101749.973,100,78795,1.306,0.766,0.945
Rep2,Pos005,Uncompressed,25,5,449.381,255,255,255,77.872,0.931,114592.203,100,88740,1.256,0.796,0.959
Rep2,Pos005,Uncompressed,25,6,491.995,255,255,255,85.907,0.838,125458.705,100,97155,1.571,0.637,0.936
Rep2,Pos005,Uncompressed,25,7,298.296,255,255,255,70.112,0.763,76065.514,100,58905,1.86,0.538,0.901
Rep2,Pos005,Uncompressed,25,8,436.468,255,255,255,81.913,0.817,111299.323,100,86190,1.349,0.741,0.903
Rep2,Pos005,Uncompressed,25,9,582.388,255,255,255,93.942,0.829,148508.86,100,115005,1.107,0.904,0.9
Rep2,Pos005,Uncompressed,30,1,440.342,255,255,255,84.965,0.767,112287.187,100,86955,1.439,0.695,0.907
Rep2,Pos005,Uncompressed,30,2,485.538,255,255,255,83.91,0.867,123812.265,100,95880,1.37,0.73,0.931
Rep2,Pos005,Uncompressed,30,3,311.209,255,255,255,65.177,0.921,79358.393,100,61455,1.24,0.806,0.932
Rep2,Pos005,Uncompressed,30,4,498.452,255,255,255,81.361,0.946,127105.144,100,98430,1.213,0.824,0.955
Rep2,Pos005,Uncompressed,30,5,405.476,255,255,255,75.485,0.894,103396.413,100,80070,1.249,0.801,0.933
Rep2,Pos005,Uncompressed,30,6,368.028,255,255,255,76.54,0.789,93847.062,100,72675,1.548,0.646,0.911
Rep2,Pos005,Uncompressed,30,7,316.375,255,255,255,67.564,0.871,80675.545,100,62475,1.122,0.891,0.921
Rep2,Pos005,Uncompressed,30,8,360.28,255,255,255,76.54,0.773,91871.335,100,71145,1.773,0.564,0.909
Rep2,Pos005,Uncompressed,35,1,440.342,255,255,255,84.965,0.767,112287.187,100,86955,1.439,0.695,0.907
Rep2,Pos005,Uncompressed,35,2,485.538,255,255,255,83.91,0.867,123812.265,100,95880,1.37,0.73,0.931
Rep2,Pos005,Uncompressed,35,3,311.209,255,255,255,65.177,0.921,79358.393,100,61455,1.24,0.806,0.932
Rep2,Pos005,Uncompressed,35,4,498.452,255,255,255,81.361,0.946,127105.144,100,98430,1.213,0.824,0.955
Rep2,Pos005,Uncompressed,35,5,405.476,255,255,255,75.485,0.894,103396.413,100,80070,1.249,0.801,0.933
Rep2,Pos005,Uncompressed,35,6,368.028,255,255,255,76.54,0.789,93847.062,100,72675,1.548,0.646,0.911
Rep2,Pos005,Uncompressed,35,7,316.375,255,255,255,67.564,0.871,80675.545,100,62475,1.122,0.891,0.921
Rep2,Pos005,Uncompressed,35,8,360.28,255,255,255,76.54,0.773,91871.335,100,71145,1.773,0.564,0.909
Rep2,Pos005,Uncompressed,40,1,379.65,255,255,255,73.326,0.887,96810.654,100,74970,1.335,0.749,0.944
Rep2,Pos005,Uncompressed,40,2,476.499,255,255,255,85.631,0.817,121507.249,100,94095,1.663,0.601,0.933
Rep2,Pos005,Uncompressed,40,3,353.823,255,255,255,69.998,0.907,90224.895,100,69870,1.09,0.918,0.93
Rep2,Pos005,Uncompressed,40,4,511.365,255,255,255,102.092,0.617,130398.024,100,100980,2,0.5,0.84
Rep2,Pos005,Uncompressed,40,5,803.204,255,255,255,151.749,0.438,204817.098,100,158610,1.715,0.583,0.809
Rep2,Pos005,Uncompressed,40,6,579.805,255,255,255,91.394,0.872,147850.284,100,114495,1.198,0.834,0.939
Rep2,Pos005,Uncompressed,40,7,472.625,255,255,255,89.511,0.741,120519.385,100,93330,2.029,0.493,0.917
Rep2,Pos005,Uncompressed,40,8,440.342,255,255,255,80.42,0.856,112287.187,100,86955,1.291,0.775,0.934
Rep2,Pos005,Uncompressed,40,9,646.954,255,255,255,110.013,0.672,164973.257,100,127755,2.387,0.419,0.883
Rep2,Pos005,Uncompressed,40,10,683.111,255,255,255,101.312,0.836,174193.319,100,134895,1.178,0.849,0.913
Rep2,Pos005,Uncompressed,40,11,417.098,255,255,255,78.033,0.861,106360.004,100,82365,1.228,0.814,0.91
Rep2,Pos005,Uncompressed,40,12,355.114,255,255,255,68.781,0.943,90554.183,100,70125,1.206,0.829,0.953
Rep2,Pos005,Uncompressed,45,1,494.578,255,255,255,83.52,0.891,126117.28,100,97665,1.061,0.943,0.922
Rep2,Pos005,Uncompressed,45,2,596.592,255,255,255,93.001,0.867,152131.028,100,117810,1.223,0.818,0.928
Rep2,Pos005,Uncompressed,45,3,436.468,255,255,255,78.813,0.883,111299.323,100,86190,1.088,0.919,0.931
Rep2,Pos005,Uncompressed,45,4,362.862,255,255,255,71.719,0.887,92529.911,100,71655,1.215,0.823,0.938
Rep2,Pos005,Uncompressed,45,5,578.514,255,255,255,90.062,0.896,147520.996,100,114240,1.221,0.819,0.941
Rep2,Pos005,Uncompressed,45,6,365.445,255,255,255,72.271,0.879,93188.487,100,72165,1.208,0.828,0.92
Rep2,Pos005,Uncompressed,45,7,368.028,255,255,255,70.388,0.933,93847.062,100,72675,1.172,0.853,0.945
Rep2,Pos009,Compressed,1,1,983.99,255,255,255,118.552,0.88,250917.409,100,194310,1.141,0.877,0.945
Rep2,Pos009,Compressed,1,2,1654.188,255,255,255,172.204,0.701,421817.849,100,326655,1.612,0.62,0.895
Rep2,Pos009,Compressed,1,3,1751.037,255,255,255,191.536,0.6,446514.445,100,345780,2.428,0.412,0.859
Rep2,Pos009,Compressed,1,4,861.314,255,255,255,116.67,0.795,219635.055,100,170085,1.431,0.699,0.917
Rep2,Pos009,Compressed,1,5,1642.566,255,255,255,195.92,0.538,418854.258,100,324360,1.781,0.562,0.834
Rep2,Pos009,Compressed,1,6,2333.425,255,255,255,328.384,0.272,595023.305,100,460785,2.667,0.375,0.685
Rep2,Pos009,Compressed,1,7,2361.834,255,255,255,232.949,0.547,602267.639,100,466395,2.943,0.34,0.843
Rep2,Pos009,Compressed,1,8,621.127,255,255,255,109.851,0.647,158387.498,100,122655,2.302,0.434,0.857
Rep2,Pos009,Compressed,1,9,1705.841,255,255,255,187.999,0.607,434989.367,100,336855,1.975,0.506,0.861
Rep2,Pos009,Compressed,5,1,1951.192,255,255,255,171.262,0.836,497554.075,100,385305,1.494,0.67,0.964
Rep2,Pos009,Compressed,5,2,1266.79,255,255,255,180.239,0.49,323031.468,100,250155,2.519,0.397,0.779
Rep2,Pos009,Compressed,5,3,1247.42,255,255,255,131.133,0.912,318092.149,100,246330,1.136,0.88,0.96
Rep2,Pos009,Compressed,5,4,1824.643,255,255,255,208.938,0.525,465283.857,100,360315,2.995,0.334,0.831
Rep2,Pos009,Compressed,5,5,1554.756,255,255,255,162.447,0.74,396462.678,100,307020,1.873,0.534,0.934
Rep2,Pos009,Compressed,5,6,1079.548,255,255,255,123.373,0.891,275284.717,100,213180,1.154,0.867,0.956
Rep2,Pos009,Compressed,5,7,610.797,255,255,255,107.579,0.663,155753.195,100,120615,1.444,0.693,0.855
Rep2,Pos009,Compressed,5,8,2542.619,255,255,255,217.867,0.673,648367.951,100,502095,2.366,0.423,0.915
Rep2,Pos009,Compressed,5,9,2350.212,255,255,255,265.48,0.419,599304.048,100,464100,2.879,0.347,0.833
Rep2,Pos009,Compressed,5,10,1793.651,255,255,255,164.72,0.831,457380.947,100,354195,1.507,0.664,0.959
Rep2,Pos009,Compressed,10,1,2134.561,255,255,255,185.726,0.778,544312.962,100,421515,1.686,0.593,0.946
Rep2,Pos009,Compressed,10,2,1336.522,255,255,255,145.872,0.789,340813.016,100,263925,1.357,0.737,0.908
Rep2,Pos009,Compressed,10,3,1215.137,255,255,255,132.074,0.875,309859.95,100,239955,1.386,0.722,0.945
Rep2,Pos009,Compressed,10,4,1944.736,255,255,255,211.049,0.549,495907.635,100,384030,2.889,0.346,0.824
Rep2,Pos009,Compressed,10,5,1065.343,255,255,255,125.646,0.848,271662.549,100,210375,1.254,0.797,0.945
Rep2,Pos009,Compressed,10,6,1473.402,255,255,255,149.591,0.827,375717.538,100,290955,1.527,0.655,0.951
Rep2,Pos009,Compressed,10,7,3149.542,255,255,255,380.59,0.273,803133.282,100,621945,2.005,0.499,0.65
Rep2,Pos009,Compressed,10,8,1698.093,255,255,255,163.113,0.802,433013.639,100,335325,1.042,0.96,0.922
Rep2,Pos009,Compressed,15,1,2182.34,255,255,255,177.691,0.869,556496.616,100,430950,1.106,0.904,0.957
Rep2,Pos009,Compressed,15,2,1961.523,255,255,255,188.389,0.695,500188.379,100,387345,2.144,0.466,0.939
Rep2,Pos009,Compressed,15,3,1247.42,255,255,255,136.734,0.838,318092.149,100,246330,1.498,0.667,0.957
Rep2,Pos009,Compressed,15,4,1115.705,255,255,255,125.76,0.886,284504.779,100,220320,1.05,0.953,0.958
Rep2,Pos009,Compressed,15,5,1930.531,255,255,255,224.134,0.483,492285.468,100,381225,1.428,0.7,0.733
Rep2,Pos009,Compressed,15,6,1439.828,255,255,255,142.497,0.891,367156.051,100,284325,1.264,0.791,0.962
Rep2,Pos009,Compressed,15,7,681.82,255,255,255,98.878,0.876,173864.032,100,134640,1.315,0.76,0.945
Rep2,Pos009,Compressed,20,1,2205.584,1,1,1,190.823,0.761,2205.584,100,1708,1.65,0.606,0.928
Rep2,Pos009,Compressed,20,2,1908.579,2,2,2,186.943,0.686,3817.157,100,2956,2.09,0.478,0.896
Rep2,Pos009,Compressed,20,3,1247.42,3,3,3,135.013,0.86,3742.261,100,2898,1.052,0.951,0.946
Rep2,Pos009,Compressed,20,4,1397.214,4,4,4,149.476,0.786,5588.856,100,4328,1.404,0.712,0.912
Rep2,Pos009,Compressed,20,5,2011.885,5,5,5,260.155,0.374,10059.424,100,7790,3.653,0.274,0.759
Rep2,Pos009,Compressed,25,1,1856.926,1,1,1,179.849,0.721,1856.926,100,1438,1.207,0.828,0.891
Rep2,Pos009,Compressed,25,2,1310.695,2,2,2,182.398,0.495,2621.39,100,2030,2.877,0.348,0.784
Rep2,Pos009,Compressed,25,3,1296.491,4,4,4,148.421,0.74,5185.962,100,4016,1.89,0.529,0.929
Rep2,Pos009,Compressed,25,4,1250.003,3,3,3,133.406,0.883,3750.009,100,2904,1.023,0.977,0.956
Rep2,Pos009,Compressed,25,5,1173.815,6,6,6,133.957,0.822,7042.888,100,5454,1.146,0.873,0.911
Rep2,Pos009,Compressed,25,6,1896.957,5,5,5,243.694,0.401,9484.784,100,7345,1.968,0.508,0.723
Rep2,Pos009,Compressed,30,1,1860.8,1,1,1,179.459,0.726,1860.8,100,1441,1.702,0.588,0.906
Rep2,Pos009,Compressed,30,2,1280.995,5,5,5,168.485,0.567,6404.973,100,4960,1.614,0.62,0.831
Rep2,Pos009,Compressed,30,3,491.995,3,3,3,91.945,0.731,1475.985,100,1143,1.371,0.729,0.866
Rep2,Pos009,Compressed,30,4,800.622,4,4,4,112.951,0.789,3202.487,100,2480,1.441,0.694,0.924
Rep2,Pos009,Compressed,30,5,750.26,6,6,6,114.007,0.725,4501.56,100,3486,1.61,0.621,0.874
Rep2,Pos009,Compressed,30,6,1912.453,2,2,2,199.524,0.604,3824.905,100,2962,1.416,0.706,0.888
Rep2,Pos009,Compressed,35,1,1741.998,1,1,1,182.787,0.655,1741.998,100,1349,2.219,0.451,0.909
Rep2,Pos009,Compressed,35,2,1180.271,3,3,3,174.476,0.487,3540.814,100,2742,2.891,0.346,0.777
Rep2,Pos009,Compressed,35,3,1451.45,2,2,2,186.439,0.525,2902.899,100,2248,1.964,0.509,0.782
Rep2,Pos009,Compressed,35,4,1076.965,6,6,6,173.972,0.447,6461.792,100,5004,2.815,0.355,0.713
Rep2,Pos009,Compressed,35,5,823.866,7,7,7,116.004,0.769,5767.059,100,4466,1.249,0.801,0.913
Rep2,Pos009,Compressed,35,6,1257.751,5,5,5,154.688,0.661,6288.754,100,4870,1.251,0.799,0.896
Rep2,Pos009,Compressed,35,7,1938.279,4,4,4,223.078,0.489,7753.117,100,6004,1.945,0.514,0.768
Rep2,Pos009,Compressed,40,1,1318.443,1,1,1,146.538,0.772,1318.443,100,1021,1.649,0.606,0.924
Rep2,Pos009,Compressed,40,2,1159.61,3,3,3,153.746,0.616,3478.83,100,2694,2.017,0.496,0.831
Rep2,Pos009,Compressed,40,3,1260.333,2,2,2,167.154,0.567,2520.667,100,1952,1.971,0.507,0.781
Rep2,Pos009,Compressed,40,4,1712.297,4,4,4,225.237,0.424,6849.189,100,5304,1.481,0.675,0.725
Rep2,Pos009,Compressed,45,1,1147.988,3,3,3,175.694,0.467,3443.964,100,2667,1.542,0.648,0.817
Rep2,Pos009,Compressed,45,2,1563.795,2,2,2,212.77,0.434,3127.59,100,2422,2.413,0.414,0.76
Rep2,Pos009,Compressed,45,3,1025.312,4,4,4,154.916,0.537,4101.249,100,3176,1.574,0.635,0.796
Rep2,Pos009,Compressed,45,4,782.543,1,1,1,115.224,0.741,782.543,100,606,1.83,0.547,0.906
Rep2,Pos010,Compressed,1,1,1820.769,255,255,255,187.884,0.648,464295.993,100,359550,2.209,0.453,0.894
Rep2,Pos010,Compressed,1,2,1763.95,255,255,255,173.421,0.737,449807.324,100,348330,1.431,0.699,0.888
Rep2,Pos010,Compressed,1,3,937.502,255,255,255,128.309,0.716,239063.043,100,185130,2.102,0.476,0.934
Rep2,Pos010,Compressed,1,4,1577.999,255,255,255,186.116,0.572,402389.861,100,311610,2.286,0.438,0.863
Rep2,Pos010,Compressed,1,5,1180.271,255,255,255,159.395,0.584,300969.176,100,233070,2.063,0.485,0.853
Rep2,Pos010,Compressed,1,6,1237.09,255,255,255,142.658,0.764,315457.845,100,244290,1.75,0.571,0.932
Rep2,Pos010,Compressed,1,7,1920.201,255,255,255,168.324,0.852,489651.164,100,379185,1.496,0.668,0.955
Rep2,Pos010,Compressed,1,8,2073.868,255,255,255,258.225,0.391,528836.429,100,409530,3.096,0.323,0.732
Rep2,Pos010,Compressed,1,9,2936.474,255,255,255,207.398,0.858,748800.772,100,579870,1.397,0.716,0.955
Rep2,Pos010,Compressed,1,10,1627.07,255,255,255,161.392,0.785,414902.802,100,321300,1.485,0.673,0.93
Rep2,Pos010,Compressed,5,1,1970.562,255,255,255,173.421,0.823,502493.394,100,389130,1.545,0.647,0.956
Rep2,Pos010,Compressed,5,2,1797.525,255,255,255,163.664,0.843,458368.81,100,354960,1.465,0.683,0.959
Rep2,Pos010,Compressed,5,3,1962.814,255,255,255,184.67,0.723,500517.666,100,387600,2.02,0.495,0.921
Rep2,Pos010,Compressed,5,4,1005.942,255,255,255,136.896,0.675,256515.304,100,198645,2.387,0.419,0.896
Rep2,Pos010,Compressed,5,5,1266.79,255,255,255,151.911,0.69,323031.468,100,250155,2.213,0.452,0.907
Rep2,Pos010,Compressed,5,6,1439.828,255,255,255,146.814,0.839,367156.051,100,284325,1.31,0.763,0.927
Rep2,Pos010,Compressed,5,7,1465.654,255,255,255,153.632,0.78,373741.81,100,289425,1.544,0.648,0.937
Rep2,Pos010,Compressed,5,8,853.566,255,255,255,132.626,0.61,217659.327,100,168555,2.235,0.447,0.827
Rep2,Pos010,Compressed,5,9,1323.608,255,255,255,154.298,0.699,337520.137,100,261375,2.243,0.446,0.919
Rep2,Pos010,Compressed,5,10,1957.649,255,255,255,167.268,0.879,499200.515,100,386580,1.313,0.761,0.967
Rep2,Pos010,Compressed,5,11,3583.428,255,255,255,231.066,0.843,913774.029,100,707625,1.47,0.68,0.969
Rep2,Pos010,Compressed,10,1,2008.011,255,255,255,187.884,0.715,512042.744,100,396525,2.056,0.486,0.933
Rep2,Pos010,Compressed,10,2,1877.587,255,255,255,170.093,0.816,478784.663,100,370770,1.716,0.583,0.959
Rep2,Pos010,Compressed,10,3,1118.288,255,255,255,134.071,0.782,285163.355,100,220830,1.647,0.607,0.918
Rep2,Pos010,Compressed,10,4,1956.358,255,255,255,187.171,0.702,498871.227,100,386325,1.716,0.583,0.906
Rep2,Pos010,Compressed,10,5,1306.821,255,255,255,141.993,0.815,333239.394,100,258060,1.283,0.779,0.92
Rep2,Pos010,Compressed,10,6,1477.276,255,255,255,148.259,0.845,376705.402,100,291720,1.324,0.755,0.948
Rep2,Pos010,Compressed,10,7,1553.464,255,255,255,162.999,0.735,396133.39,100,306765,1.777,0.563,0.919
Rep2,Pos010,Compressed,10,8,1743.289,255,255,255,160.564,0.85,444538.717,100,344250,1.439,0.695,0.956
Rep2,Pos010,Compressed,10,9,1300.365,255,255,255,152.301,0.704,331592.954,100,256785,1.387,0.721,0.882
Rep2,Pos010,Compressed,10,10,1881.461,255,255,255,178.746,0.74,479772.526,100,371535,1.987,0.503,0.948
Rep2,Pos010,Compressed,10,11,3574.388,255,255,255,261.99,0.654,911469.014,100,705840,2.32,0.431,0.915
Rep2,Pos010,Compressed,15,1,1740.706,255,255,255,172.251,0.737,443880.141,100,343740,2.064,0.485,0.937
Rep2,Pos010,Compressed,15,2,1144.114,255,255,255,146.538,0.67,291749.113,100,225930,2.278,0.439,0.886
Rep2,Pos010,Compressed,15,3,1951.192,255,255,255,183.729,0.726,497554.075,100,385305,1.634,0.612,0.923
Rep2,Pos010,Compressed,15,4,1322.317,255,255,255,158.957,0.658,337190.849,100,261120,1.741,0.574,0.858
Rep2,Pos010,Compressed,15,5,875.519,255,255,255,113.341,0.856,223257.222,100,172890,1.156,0.865,0.941
Rep2,Pos010,Compressed,15,6,2521.958,255,255,255,216.764,0.674,643099.344,100,498015,1.475,0.678,0.892
Rep2,Pos010,Compressed,15,7,1603.826,255,255,255,159.119,0.796,408975.62,100,316710,1.577,0.634,0.939
Rep2,Pos010,Compressed,15,8,1523.764,255,255,255,146.101,0.897,388559.767,100,300900,1.058,0.945,0.959
Rep2,Pos010,Compressed,15,9,2623.973,255,255,255,265.043,0.469,669113.091,100,518160,3.107,0.322,0.759
Rep2,Pos010,Compressed,15,10,1720.045,255,255,255,158.177,0.864,438611.534,100,339660,1.133,0.883,0.941
Rep2,Pos010,Compressed,15,11,1295.199,255,255,255,140.614,0.823,330275.802,100,255765,1.554,0.644,0.942
Rep2,Pos010,Compressed,15,12,3547.27,255,255,255,237.656,0.789,904553.967,100,700485,1.782,0.561,0.954
Rep2,Pos010,Compressed,15,13,1785.903,255,255,255,184.28,0.661,455405.219,100,352665,2.157,0.464,0.897
Rep2,Pos010,Compressed,20,1,1646.44,255,255,255,157.236,0.837,419842.122,100,325125,1.411,0.709,0.959
Rep2,Pos010,Compressed,20,2,1133.784,255,255,255,152.691,0.611,289114.81,100,223890,1.252,0.799,0.833
Rep2,Pos010,Compressed,20,3,1899.539,255,255,255,181.846,0.722,484382.557,100,375105,1.569,0.637,0.904
Rep2,Pos010,Compressed,20,4,2505.171,255,255,255,277.557,0.409,638818.601,100,494700,2.598,0.385,0.723
Rep2,Pos010,Compressed,20,5,1352.018,255,255,255,165.11,0.623,344764.472,100,266985,1.48,0.676,0.823
Rep2,Pos010,Compressed,20,6,1518.598,255,255,255,160.954,0.737,387242.616,100,299880,1.196,0.836,0.908
Rep2,Pos010,Compressed,20,7,1612.865,255,255,255,171.31,0.691,411280.635,100,318495,1.277,0.783,0.856
Rep2,Pos010,Compressed,20,8,1842.721,255,255,255,165.386,0.847,469893.888,100,363885,1.127,0.887,0.948
Rep2,Pos010,Compressed,20,9,1336.522,255,255,255,135.679,0.912,340813.016,100,263925,1.103,0.907,0.965
Rep2,Pos010,Compressed,20,10,1414.001,255,255,255,159.233,0.701,360570.293,100,279225,1.618,0.618,0.868
Rep2,Pos010,Compressed,20,11,1824.643,255,255,255,190.043,0.635,465283.857,100,360315,2.116,0.473,0.87
Rep2,Pos010,Compressed,25,1,1200.932,255,255,255,156.295,0.618,306237.783,100,237150,1.909,0.524,0.859
Rep2,Pos010,Compressed,25,2,1798.816,255,255,255,178.404,0.71,458698.098,100,355215,2.298,0.435,0.922
Rep2,Pos010,Compressed,25,3,1368.805,255,255,255,185.726,0.499,349045.215,100,270300,1.463,0.684,0.77
Rep2,Pos010,Compressed,25,4,854.857,255,255,255,110.127,0.886,217988.615,100,168810,1.144,0.874,0.944
Rep2,Pos010,Compressed,25,5,1633.526,255,255,255,180.629,0.629,416549.242,100,322575,1.987,0.503,0.857
Rep2,Pos010,Compressed,25,6,1545.716,255,255,255,157.236,0.786,394157.662,100,305235,1.327,0.753,0.915
Rep2,Pos010,Compressed,25,7,1670.975,255,255,255,163.94,0.781,426098.592,100,329970,1.449,0.69,0.914
Rep2,Pos010,Compressed,25,8,1380.427,255,255,255,140.11,0.884,352008.806,100,272595,1.213,0.824,0.95
Rep2,Pos010,Compressed,25,9,1729.085,255,255,255,168.21,0.768,440916.55,100,341445,1.201,0.832,0.898
Rep2,Pos010,Compressed,25,10,2208.166,255,255,255,201.911,0.681,563082.375,100,436050,1.846,0.542,0.914
Rep2,Pos010,Compressed,25,11,1778.155,255,255,255,189.054,0.625,453429.491,100,351135,2.496,0.401,0.909
Rep2,Pos010,Compressed,30,1,1132.492,255,255,255,138.113,0.746,288785.522,100,223635,1.246,0.802,0.894
Rep2,Pos010,Compressed,30,2,880.684,255,255,255,118.438,0.789,224574.374,100,173910,1.35,0.741,0.919
Rep2,Pos010,Compressed,30,3,1556.047,255,255,255,163.113,0.735,396791.966,100,307275,1.644,0.608,0.913
Rep2,Pos010,Compressed,30,4,1691.636,255,255,255,156.409,0.869,431367.199,100,334050,1.201,0.832,0.949
Rep2,Pos010,Compressed,30,5,1745.872,255,255,255,179.183,0.683,445197.293,100,344760,1.167,0.857,0.878
Rep2,Pos010,Compressed,30,6,1282.286,255,255,255,141.165,0.809,326982.923,100,253215,1.634,0.612,0.935
Rep2,Pos010,Compressed,30,7,2068.703,255,255,255,206.456,0.61,527519.277,100,408510,2.084,0.48,0.862
Rep2,Pos010,Compressed,30,8,1899.539,255,255,255,186.116,0.689,484382.557,100,375105,2.241,0.446,0.948
Rep2,Pos010,Compressed,35,1,1145.405,255,255,255,133.292,0.81,292078.401,100,226185,1.276,0.783,0.919
Rep2,Pos010,Compressed,35,2,1381.718,255,255,255,211.715,0.387,352338.094,100,272850,4.408,0.227,0.856
Rep2,Pos010,Compressed,35,3,907.802,255,255,255,117.772,0.822,231489.421,100,179265,1.106,0.905,0.912
Rep2,Pos010,Compressed,35,4,1535.386,255,255,255,171.148,0.659,391523.359,100,303195,1.948,0.513,0.885
Rep2,Pos010,Compressed,35,5,934.919,255,255,255,149.752,0.524,238404.467,100,184620,3.193,0.313,0.832
Rep2,Pos010,Compressed,35,6,1632.235,255,255,255,212.219,0.455,416219.954,100,322320,3.276,0.305,0.723
Rep2,Pos010,Compressed,35,7,1373.97,255,255,255,167.934,0.612,350362.367,100,271320,2.649,0.378,0.864
Rep2,Pos010,Compressed,35,8,1530.22,255,255,255,152.301,0.829,390206.207,100,302175,1.303,0.768,0.933
Rep2,Pos010,Compressed,35,9,1905.996,255,255,255,212.495,0.53,486028.997,100,376380,1.783,0.561,0.8
Rep2,Pos010,Compressed,35,10,1532.803,255,255,255,168.096,0.682,390864.783,100,302685,1.751,0.571,0.9
Rep2,Pos010,Compressed,35,11,1583.165,255,255,255,224.02,0.396,403707.013,100,312630,3.444,0.29,0.691
Rep2,Pos010,Compressed,35,12,1114.414,255,255,255,125.256,0.893,284175.491,100,220065,1.11,0.901,0.949
Rep2,Pos010,Compressed,35,13,1893.083,255,255,255,167.82,0.845,482736.118,100,373830,1.465,0.683,0.94
Rep2,Pos010,Compressed,40,1,1082.131,255,255,255,162.057,0.518,275943.292,100,213690,2.251,0.444,0.784
Rep2,Pos010,Compressed,40,2,1419.166,255,255,255,190.433,0.492,361887.444,100,280245,3.493,0.286,0.77
Rep2,Pos010,Compressed,40,3,1594.787,255,255,255,164.054,0.745,406670.604,100,314925,1.657,0.604,0.914
Rep2,Pos010,Compressed,40,4,870.353,255,255,255,122.984,0.723,221940.071,100,171870,1.764,0.567,0.899
Rep2,Pos010,Compressed,40,5,1452.741,255,255,255,188.322,0.515,370448.931,100,286875,1.909,0.524,0.746
Rep2,Pos010,Compressed,40,6,994.32,255,255,255,126.863,0.776,253551.713,100,196350,1.157,0.864,0.896
Rep2,Pos010,Compressed,40,7,1472.111,255,255,255,154.298,0.777,375388.25,100,290700,1.535,0.652,0.932
Rep2,Pos010,Compressed,40,8,1371.387,255,255,255,146.814,0.8,349703.791,100,270810,1.398,0.715,0.927
Rep2,Pos010,Compressed,40,9,2042.877,255,255,255,211.049,0.576,520933.519,100,403410,2.05,0.488,0.831
Rep2,Pos010,Compressed,40,10,1594.787,255,255,255,166.488,0.723,406670.604,100,314925,1.245,0.803,0.899
Rep2,Pos010,Compressed,40,11,1871.13,255,255,255,182.902,0.703,477138.223,100,369495,1.482,0.675,0.896
Rep2,Pos010,Compressed,45,1,1064.052,255,255,255,132.464,0.762,271333.261,100,210120,1.269,0.788,0.892
Rep2,Pos010,Compressed,45,2,1306.821,255,255,255,180.011,0.507,333239.394,100,258060,3.426,0.292,0.865
Rep2,Pos010,Compressed,45,3,1547.008,255,255,255,199.8,0.487,394486.95,100,305490,2.026,0.494,0.747
Rep2,Pos010,Compressed,45,4,1543.134,255,255,255,213.94,0.424,393499.086,100,304725,3.576,0.28,0.755
Rep2,Pos010,Compressed,45,5,693.442,255,255,255,108.406,0.742,176827.623,100,136935,1.158,0.863,0.866
Rep2,Pos010,Compressed,45,6,911.676,255,255,255,126.312,0.718,232477.285,100,180030,1.643,0.609,0.89
Rep2,Pos010,Compressed,45,7,1510.851,255,255,255,175.028,0.62,385266.888,100,298350,1.365,0.733,0.875
Rep2,Pos010,Compressed,45,8,1384.301,255,255,255,151.635,0.757,352996.67,100,273360,1.464,0.683,0.903
Rep2,Pos010,Compressed,45,9,1550.882,255,255,255,171.814,0.66,395474.814,100,306255,1.307,0.765,0.886
